tokenized_query,type,doc_id,canonical_name,domain_id
search-for-pollution-devices-in-westside-heights-transit-hub,pollution,pol_000279,/d1/pollution/pol_000279,1
query-traffic-records-from-old-town-core-civic-center,traffic,traf_000059,/d6/traffic/traf_000059,6
list-streetlight-data-around-westside-heights-riverside-park,streetlight,sl_000101,/d1/streetlight/sl_000101,1
query-parking-records-from-south-hills-residential-block,parking,p_000062,/d3/parking/p_000062,3
give-me-streetlight-information-near-westside-heights-university-campus,streetlight,sl_000101,/d1/streetlight/sl_000101,1
give-me-traffic-information-near-old-town-core-cultural-center,traffic,traf_000118,/d6/traffic/traf_000118,6
what-traffic-readings-are-reported-in-greenfield-park,traffic,traf_000277,/d7/traffic/traf_000277,7
give-me-parking-information-near-north-harbor-main-station,parking,p_000009,/d0/parking/p_000009,0
list-traffic-data-around-south-hills-waterfront-promenade,traffic,traf_000026,/d3/traffic/traf_000026,3
give-me-streetlight-information-near-old-town-core-city-hall,streetlight,sl_000092,/d6/streetlight/sl_000092,6
search-for-parking-devices-in-old-town-core-civic-center,parking,p_000003,/d6/parking/p_000003,6
query-pollution-records-from-lakeside-district-downtown,pollution,pol_000135,/d5/pollution/pol_000135,5
locate-every-pollution-unit-across-greenfield-park,pollution,pol_000093,/d7/pollution/pol_000093,7
give-me-streetlight-information-near-north-harbor-cultural-center,streetlight,sl_000113,/d0/streetlight/sl_000113,0
what-streetlight-readings-are-reported-in-midtown-center,streetlight,sl_000014,/d4/streetlight/sl_000014,4
find-all-pollution-sensors-in-lakeside-district,pollution,pol_000138,/d5/pollution/pol_000138,5
what-parking-readings-are-reported-in-westside-heights,parking,p_000244,/d1/parking/p_000244,1
query-traffic-records-from-south-hills-commercial-strip,traffic,traf_000022,/d3/traffic/traf_000022,3
what-streetlight-readings-are-reported-in-lakeside-district,streetlight,sl_000582,/d5/streetlight/sl_000582,5
locate-every-pollution-unit-across-greenfield-park,pollution,pol_000059,/d7/pollution/pol_000059,7
find-all-parking-sensors-in-westside-heights,parking,p_000302,/d1/parking/p_000302,1
search-for-streetlight-devices-in-north-harbor-commercial-strip,streetlight,sl_000010,/d0/streetlight/sl_000010,0
give-me-pollution-information-near-eastshore-quarter-city-hall,pollution,pol_000028,/d2/pollution/pol_000028,2
query-parking-records-from-westside-heights-waterfront,parking,p_000136,/d1/parking/p_000136,1
give-me-parking-information-near-south-hills-main-station,parking,p_000078,/d3/parking/p_000078,3
locate-every-parking-unit-across-greenfield-park,parking,p_000041,/d7/parking/p_000041,7
find-all-parking-sensors-in-old-town-core,parking,p_000005,/d6/parking/p_000005,6
show-pollution-status-for-the-south-hills-transit-hub-zone,pollution,pol_000074,/d3/pollution/pol_000074,3
search-for-pollution-devices-in-old-town-core-commercial-strip,pollution,pol_000032,/d6/pollution/pol_000032,6
give-me-pollution-information-near-old-town-core-cultural-center,pollution,pol_000034,/d6/pollution/pol_000034,6
find-all-traffic-sensors-in-lakeside-district,traffic,traf_000376,/d5/traffic/traf_000376,5
query-pollution-records-from-north-harbor-civic-center,pollution,pol_000126,/d0/pollution/pol_000126,0
search-for-pollution-devices-in-midtown-center-waterfront,pollution,pol_000120,/d4/pollution/pol_000120,4
list-traffic-data-around-midtown-center-lighthouse,traffic,traf_000044,/d4/traffic/traf_000044,4
what-parking-readings-are-reported-in-lakeside-district,parking,p_000076,/d5/parking/p_000076,5
list-parking-data-around-eastshore-quarter-main-station,parking,p_000022,/d2/parking/p_000022,2
find-all-traffic-sensors-in-old-town-core,traffic,traf_000020,/d6/traffic/traf_000020,6
query-streetlight-records-from-greenfield-park-industrial-zone,streetlight,sl_000153,/d7/streetlight/sl_000153,7
list-parking-data-around-north-harbor-clock-tower,parking,p_000004,/d0/parking/p_000004,0
query-parking-records-from-eastshore-quarter-waterfront,parking,p_000022,/d2/parking/p_000022,2
give-me-traffic-information-near-lakeside-district-city-hall,traffic,traf_000334,/d5/traffic/traf_000334,5
find-all-traffic-sensors-in-south-hills,traffic,traf_000026,/d3/traffic/traf_000026,3
list-streetlight-data-around-eastshore-quarter-riverside-park,streetlight,sl_000007,/d2/streetlight/sl_000007,2
what-pollution-readings-are-reported-in-south-hills,pollution,pol_000046,/d3/pollution/pol_000046,3
search-for-traffic-devices-in-north-harbor-waterfront,traffic,traf_000259,/d0/traffic/traf_000259,0
give-me-parking-information-near-old-town-core-botanical-garden,parking,p_000032,/d6/parking/p_000032,6
query-traffic-records-from-greenfield-park-arts-quarter,traffic,traf_000074,/d7/traffic/traf_000074,7
give-me-pollution-information-near-greenfield-park-university-campus,pollution,pol_000093,/d7/pollution/pol_000093,7
show-parking-status-for-the-eastshore-quarter-arts-quarter-zone,parking,p_000022,/d2/parking/p_000022,2
give-me-parking-information-near-old-town-core-shopping-mall,parking,p_000070,/d6/parking/p_000070,6
list-parking-data-around-lakeside-district-shopping-mall,parking,p_000335,/d5/parking/p_000335,5
show-traffic-status-for-the-south-hills-financial-row-zone,traffic,traf_000149,/d3/traffic/traf_000149,3
locate-every-streetlight-unit-across-eastshore-quarter,streetlight,sl_000020,/d2/streetlight/sl_000020,2
show-pollution-status-for-the-midtown-center-residential-block-zone,pollution,pol_000065,/d4/pollution/pol_000065,4
query-streetlight-records-from-eastshore-quarter-industrial-zone,streetlight,sl_000003,/d2/streetlight/sl_000003,2
give-me-traffic-information-near-eastshore-quarter-cultural-center,traffic,traf_000034,/d2/traffic/traf_000034,2
show-streetlight-status-for-the-midtown-center-civic-center-zone,streetlight,sl_000017,/d4/streetlight/sl_000017,4
what-parking-readings-are-reported-in-greenfield-park,parking,p_000475,/d7/parking/p_000475,7
list-pollution-data-around-south-hills-historic-market,pollution,pol_000074,/d3/pollution/pol_000074,3
what-streetlight-readings-are-reported-in-south-hills,streetlight,sl_000033,/d3/streetlight/sl_000033,3
show-streetlight-status-for-the-north-harbor-waterfront-zone,streetlight,sl_000010,/d0/streetlight/sl_000010,0
list-parking-data-around-midtown-center-clock-tower,parking,p_000017,/d4/parking/p_000017,4
give-me-traffic-information-near-greenfield-park-cultural-center,traffic,traf_000003,/d7/traffic/traf_000003,7
locate-every-parking-unit-across-greenfield-park,parking,p_000041,/d7/parking/p_000041,7
show-parking-status-for-the-old-town-core-financial-row-zone,parking,p_000032,/d6/parking/p_000032,6
show-pollution-status-for-the-greenfield-park-financial-row-zone,pollution,pol_000355,/d7/pollution/pol_000355,7
show-parking-status-for-the-lakeside-district-waterfront-zone,parking,p_000055,/d5/parking/p_000055,5
list-traffic-data-around-westside-heights-historic-market,traffic,traf_000591,/d1/traffic/traf_000591,1
find-all-pollution-sensors-in-old-town-core,pollution,pol_000023,/d6/pollution/pol_000023,6
query-traffic-records-from-greenfield-park-arts-quarter,traffic,traf_000057,/d7/traffic/traf_000057,7
list-pollution-data-around-south-hills-main-station,pollution,pol_000074,/d3/pollution/pol_000074,3
locate-every-parking-unit-across-north-harbor,parking,p_000004,/d0/parking/p_000004,0
find-all-parking-sensors-in-south-hills,parking,p_000309,/d3/parking/p_000309,3
what-traffic-readings-are-reported-in-greenfield-park,traffic,traf_000100,/d7/traffic/traf_000100,7
what-pollution-readings-are-reported-in-lakeside-district,pollution,pol_000337,/d5/pollution/pol_000337,5
search-for-parking-devices-in-south-hills-waterfront,parking,p_000001,/d3/parking/p_000001,3
query-traffic-records-from-westside-heights-arts-quarter,traffic,traf_000043,/d1/traffic/traf_000043,1
show-streetlight-status-for-the-old-town-core-arts-quarter-zone,streetlight,sl_000043,/d6/streetlight/sl_000043,6
show-parking-status-for-the-westside-heights-financial-row-zone,parking,p_000073,/d1/parking/p_000073,1
find-all-parking-sensors-in-lakeside-district,parking,p_000076,/d5/parking/p_000076,5
give-me-traffic-information-near-greenfield-park-city-library,traffic,traf_000003,/d7/traffic/traf_000003,7
what-pollution-readings-are-reported-in-south-hills,pollution,pol_000026,/d3/pollution/pol_000026,3
what-parking-readings-are-reported-in-westside-heights,parking,p_000058,/d1/parking/p_000058,1
query-streetlight-records-from-lakeside-district-civic-center,streetlight,sl_000117,/d5/streetlight/sl_000117,5
what-traffic-readings-are-reported-in-eastshore-quarter,traffic,traf_000006,/d2/traffic/traf_000006,2
show-parking-status-for-the-midtown-center-uptown-zone,parking,p_000017,/d4/parking/p_000017,4
find-all-parking-sensors-in-north-harbor,parking,p_000009,/d0/parking/p_000009,0
search-for-streetlight-devices-in-north-harbor-residential-block,streetlight,sl_000024,/d0/streetlight/sl_000024,0
find-all-pollution-sensors-in-westside-heights,pollution,pol_000004,/d1/pollution/pol_000004,1
show-streetlight-status-for-the-lakeside-district-transit-hub-zone,streetlight,sl_000251,/d5/streetlight/sl_000251,5
what-parking-readings-are-reported-in-old-town-core,parking,p_000070,/d6/parking/p_000070,6
give-me-pollution-information-near-greenfield-park-riverside-park,pollution,pol_000048,/d7/pollution/pol_000048,7
query-streetlight-records-from-greenfield-park-commercial-strip,streetlight,sl_000493,/d7/streetlight/sl_000493,7
what-traffic-readings-are-reported-in-old-town-core,traffic,traf_000037,/d6/traffic/traf_000037,6
what-streetlight-readings-are-reported-in-eastshore-quarter,streetlight,sl_000020,/d2/streetlight/sl_000020,2
what-traffic-readings-are-reported-in-greenfield-park,traffic,traf_000003,/d7/traffic/traf_000003,7
search-for-traffic-devices-in-westside-heights-commercial-strip,traffic,traf_000176,/d1/traffic/traf_000176,1
list-traffic-data-around-old-town-core-clock-tower,traffic,traf_000020,/d6/traffic/traf_000020,6
give-me-traffic-information-near-midtown-center-riverside-park,traffic,traf_000051,/d4/traffic/traf_000051,4
show-pollution-status-for-the-midtown-center-industrial-zone-zone,pollution,pol_000084,/d4/pollution/pol_000084,4
what-parking-readings-are-reported-in-old-town-core,parking,p_000070,/d6/parking/p_000070,6
query-traffic-records-from-lakeside-district-financial-row,traffic,traf_000126,/d5/traffic/traf_000126,5
search-for-traffic-devices-in-midtown-center-arts-quarter,traffic,traf_000012,/d4/traffic/traf_000012,4
query-parking-records-from-westside-heights-arts-quarter,parking,p_000341,/d1/parking/p_000341,1
locate-every-traffic-unit-across-greenfield-park,traffic,traf_000100,/d7/traffic/traf_000100,7
locate-every-traffic-unit-across-westside-heights,traffic,traf_000027,/d1/traffic/traf_000027,1
what-streetlight-readings-are-reported-in-lakeside-district,streetlight,sl_000427,/d5/streetlight/sl_000427,5
show-traffic-status-for-the-eastshore-quarter-industrial-zone-zone,traffic,traf_000016,/d2/traffic/traf_000016,2
locate-every-pollution-unit-across-midtown-center,pollution,pol_000011,/d4/pollution/pol_000011,4
locate-every-parking-unit-across-old-town-core,parking,p_000005,/d6/parking/p_000005,6
query-parking-records-from-north-harbor-waterfront,parking,p_000009,/d0/parking/p_000009,0
find-all-pollution-sensors-in-north-harbor,pollution,pol_000009,/d0/pollution/pol_000009,0
locate-every-traffic-unit-across-north-harbor,traffic,traf_000085,/d0/traffic/traf_000085,0
query-streetlight-records-from-eastshore-quarter-transit-hub,streetlight,sl_000034,/d2/streetlight/sl_000034,2
search-for-streetlight-devices-in-westside-heights-financial-row,streetlight,sl_000132,/d1/streetlight/sl_000132,1
list-streetlight-data-around-westside-heights-riverside-park,streetlight,sl_000554,/d1/streetlight/sl_000554,1
show-streetlight-status-for-the-eastshore-quarter-waterfront-zone,streetlight,sl_000020,/d2/streetlight/sl_000020,2
list-pollution-data-around-lakeside-district-botanical-garden,pollution,pol_000138,/d5/pollution/pol_000138,5
what-traffic-readings-are-reported-in-north-harbor,traffic,traf_000041,/d0/traffic/traf_000041,0
search-for-pollution-devices-in-westside-heights-financial-row,pollution,pol_000087,/d1/pollution/pol_000087,1
search-for-streetlight-devices-in-greenfield-park-industrial-zone,streetlight,sl_000042,/d7/streetlight/sl_000042,7
give-me-parking-information-near-north-harbor-city-library,parking,p_000004,/d0/parking/p_000004,0
query-streetlight-records-from-old-town-core-financial-row,streetlight,sl_000316,/d6/streetlight/sl_000316,6
show-streetlight-status-for-the-old-town-core-uptown-zone,streetlight,sl_000043,/d6/streetlight/sl_000043,6
query-traffic-records-from-north-harbor-residential-block,traffic,traf_000082,/d0/traffic/traf_000082,0
search-for-streetlight-devices-statusdefectivelamp-locationcategorytunnel-near-north-harbor-main-station,streetlight,sl_000010,/d0/streetlight/sl_000010,0
query-parking-category-rooftop-facilitytype-gated-in-north-harbor,parking,p_000004,/d0/parking/p_000004,0
show-parking-where-occupancystatus-is-full-category-is-rooftop-in-south-hills-downtown,parking,p_000130,/d3/parking/p_000130,3
show-pollution-where-monitoringstation-is-satellite-airqualitylevel-is-good-in-north-harbor-arts-quarter,pollution,pol_000006,/d0/pollution/pol_000006,0
give-me-pollution-where-sourcetype-equals-industrial-and-monitoringstation-equals-satellite,pollution,pol_000069,/d1/pollution/pol_000069,1
pollution-with-sourcetyperesidential-and-pollutanttypeco-close-to-old-town-core-clock-tower,pollution,pol_000023,/d6/pollution/pol_000023,6
give-me-traffic-where-roadtype-equals-residential-and-congestionlevel-equals-moderate,traffic,traf_000248,/d0/traffic/traf_000248,0
give-me-streetlight-where-lanternmodel-equals-mh-and-powerstate-equals-low,streetlight,sl_000363,/d1/streetlight/sl_000363,1
locate-pollution-with-sourcetype-set-to-industrial-near-eastshore-quarter-shopping-mall-in-eastshore-quarter-arts-quarter,pollution,pol_000005,/d2/pollution/pol_000005,2
list-pollution-having-sourcetype-naturalbackground-plus-pollutanttype-o3-in-lakeside-district,pollution,pol_000136,/d5/pollution/pol_000136,5
find-streetlight-with-status-defectivelamp-and-locationcategory-tunnel-near-greenfield-park-city-hall,streetlight,sl_000030,/d7/streetlight/sl_000030,7
show-pollution-where-pollutanttype-is-no2-sourcetype-is-residential-in-old-town-core-industrial-zone,pollution,pol_000007,/d6/pollution/pol_000007,6
locate-traffic-with-roadtype-set-to-collector-near-eastshore-quarter-science-center-in-eastshore-quarter-commercial-strip,traffic,traf_000016,/d2/traffic/traf_000016,2
list-pollution-having-pollutanttype-pm25-plus-monitoringstation-mobile-in-old-town-core,pollution,pol_000081,/d6/pollution/pol_000081,6
list-parking-having-facilitytype-covered-plus-allowedvehicletype-motorcycle-in-greenfield-park,traffic,p_000137,/d7/parking/p_000137,7
search-for-traffic-devices-congestionlevelheavy-lanedirectioninbound-near-north-harbor-cultural-center,traffic,traf_000019,/d0/traffic/traf_000019,0
parking-with-facilitytypegated-and-categoryoffstreet-close-to-south-hills-shopping-mall,parking,p_000011,/d3/parking/p_000011,3
list-parking-having-allowedvehicletype-bicycle-plus-facilitytype-covered-in-south-hills,traffic,p_000309,/d3/parking/p_000309,3
query-streetlight-lanternmodel-led-locationcategory-sidewalk-in-eastshore-quarter,streetlight,sl_000005,/d2/streetlight/sl_000005,2
find-pollution-with-pollutanttype-pm25-and-airqualitylevel-moderate-near-westside-heights-historic-market,pollution,pol_000087,/d1/pollution/pol_000087,1
query-traffic-lanedirection-inbound-roadtype-highway-in-south-hills,traffic,traf_000022,/d3/traffic/traf_000022,3
give-me-traffic-where-vehicletype-equals-bus-and-lanedirection-equals-outbound,traffic,traf_000092,/d5/traffic/traf_000092,5
locate-parking-with-facilitytype-set-to-gated-near-lakeside-district-university-campus-in-lakeside-district-residential-block,parking,p_000075,/d5/parking/p_000075,5
search-for-traffic-devices-lanedirectionoutbound-vehicletypecar-near-south-hills-shopping-mall,traffic,traf_000026,/d3/traffic/traf_000026,3
locate-streetlight-with-locationcategory-set-to-road-near-midtown-center-cultural-center-in-midtown-center-waterfront,traffic,sl_000014,/d4/streetlight/sl_000014,4
show-pollution-where-pollutanttype-is-co-monitoringstation-is-mobile-in-old-town-core-arts-quarter,pollution,pol_000017,/d6/pollution/pol_000017,6
give-me-parking-where-allowedvehicletype-equals-car-and-occupancystatus-equals-almostfull,traffic,p_000043,/d6/parking/p_000043,6
locate-traffic-with-vehicletype-set-to-bus-near-old-town-core-science-center-in-old-town-core-financial-row,traffic,traf_000042,/d6/traffic/traf_000042,6
find-streetlight-with-status-brokenlantern-and-locationcategory-park-near-south-hills-riverside-park,streetlight,sl_000004,/d3/streetlight/sl_000004,3
query-traffic-roadtype-residential-lanedirection-outbound-in-greenfield-park,traffic,traf_000128,/d7/traffic/traf_000128,7
give-me-parking-where-facilitytype-equals-metered-and-occupancystatus-equals-few,parking,p_000016,/d3/parking/p_000016,3
show-streetlight-where-lanternmodel-is-mh-powerstate-is-off-in-greenfield-park-uptown,streetlight,sl_000319,/d7/streetlight/sl_000319,7
list-traffic-having-congestionlevel-moderate-plus-lanedirection-inbound-in-lakeside-district,traffic,traf_000193,/d5/traffic/traf_000193,5
traffic-with-vehicletypebus-and-roadtypeserviceroad-close-to-eastshore-quarter-clock-tower,traffic,traf_000072,/d2/traffic/traf_000072,2
streetlight-with-lanternmodelhps-and-powerstatelow-close-to-south-hills-cathedral,streetlight,sl_000006,/d3/streetlight/sl_000006,3
search-for-streetlight-devices-lanternmodelhps-statuscolumnissue-near-old-town-core-main-station,streetlight,sl_000082,/d6/streetlight/sl_000082,6
show-parking-where-occupancystatus-is-few-allowedvehicletype-is-electricvehicle-in-south-hills-industrial-zone,traffic,p_000168,/d3/parking/p_000168,3
show-traffic-where-congestionlevel-is-moderate-lanedirection-is-outbound-in-greenfield-park-transit-hub,traffic,traf_000038,/d7/traffic/traf_000038,7
parking-with-allowedvehicletypeelectricvehicle-and-facilitytypegated-close-to-greenfield-park-clock-tower,traffic,p_000060,/d7/parking/p_000060,7
give-me-streetlight-where-status-equals-defectivelamp-and-powerstate-equals-low,streetlight,sl_000034,/d2/streetlight/sl_000034,2
give-me-pollution-where-sourcetype-equals-industrial-and-airqualitylevel-equals-moderate,pollution,pol_000217,/d0/pollution/pol_000217,0
query-streetlight-lanternmodel-hps-status-ok-in-lakeside-district,streetlight,sl_000174,/d5/streetlight/sl_000174,5
show-streetlight-where-locationcategory-is-tunnel-powerstate-is-bootingup-in-eastshore-quarter-financial-row,streetlight,sl_000064,/d2/streetlight/sl_000064,2
query-pollution-monitoringstation-mobile-sourcetype-traffic-in-westside-heights,traffic,pol_000014,/d1/pollution/pol_000014,1
query-pollution-pollutanttype-so2-sourcetype-naturalbackground-in-greenfield-park,pollution,pol_000048,/d7/pollution/pol_000048,7
search-for-pollution-devices-pollutanttypeso2-airqualitylevelunhealthy-near-old-town-core-science-center,pollution,pol_000588,/d6/pollution/pol_000588,6
give-me-pollution-where-airqualitylevel-equals-moderate-and-monitoringstation-equals-fixed,pollution,pol_000022,/d1/pollution/pol_000022,1
parking-with-facilitytypecovered-and-categoryrooftop-close-to-lakeside-district-cathedral,parking,p_000337,/d5/parking/p_000337,5
give-me-traffic-where-vehicletype-equals-bus-and-lanedirection-equals-bidirectional,traffic,traf_000027,/d1/traffic/traf_000027,1
query-streetlight-status-defectivelamp-lanternmodel-fluorescent-in-north-harbor,streetlight,sl_000010,/d0/streetlight/sl_000010,0
show-traffic-where-roadtype-is-collector-vehicletype-is-bus-in-eastshore-quarter-financial-row,traffic,traf_000052,/d2/traffic/traf_000052,2
query-streetlight-lanternmodel-hps-powerstate-bootingup-in-greenfield-park,streetlight,sl_000338,/d7/streetlight/sl_000338,7
give-me-parking-where-category-equals-onstreet-and-facilitytype-equals-covered,parking,p_000217,/d6/parking/p_000217,6
find-streetlight-with-locationcategory-playground-and-powerstate-off-near-south-hills-harbor-bridge,streetlight,sl_000029,/d3/streetlight/sl_000029,3
search-for-parking-devices-facilitytypeuncovered-categoryrooftop-near-greenfield-park-town-square,parking,p_000118,/d7/parking/p_000118,7
show-parking-where-occupancystatus-is-few-category-is-offstreet-in-greenfield-park-transit-hub,parking,p_000044,/d7/parking/p_000044,7
query-pollution-pollutanttype-so2-monitoringstation-mobile-in-westside-heights,pollution,pol_000018,/d1/pollution/pol_000018,1
locate-traffic-with-lanedirection-set-to-outbound-near-south-hills-lighthouse-in-south-hills-financial-row,traffic,traf_000026,/d3/traffic/traf_000026,3
pollution-with-sourcetypenaturalbackground-and-airqualitylevelunhealthy-close-to-midtown-center-sports-arena,pollution,pol_000084,/d4/pollution/pol_000084,4
streetlight-with-statusok-and-powerstateon-close-to-old-town-core-historic-market,streetlight,sl_000037,/d6/streetlight/sl_000037,6
give-me-pollution-where-sourcetype-equals-naturalbackground-and-pollutanttype-equals-pm25,pollution,pol_000020,/d0/pollution/pol_000020,0
show-streetlight-where-lanternmodel-is-fluorescent-powerstate-is-low-in-old-town-core-waterfront,streetlight,sl_000164,/d6/streetlight/sl_000164,6
give-me-traffic-where-vehicletype-equals-bicycle-and-lanedirection-equals-outbound,traffic,traf_000005,/d2/traffic/traf_000005,2
query-streetlight-status-defectivelamp-lanternmodel-fluorescent-in-old-town-core,streetlight,sl_000286,/d6/streetlight/sl_000286,6
query-parking-facilitytype-gated-allowedvehicletype-motorcycle-in-greenfield-park,traffic,p_000079,/d7/parking/p_000079,7
locate-traffic-with-congestionlevel-set-to-gridlock-near-south-hills-city-library-in-south-hills-financial-row,traffic,traf_000120,/d3/traffic/traf_000120,3
search-for-parking-devices-allowedvehicletypeelectricvehicle-occupancystatusfew-near-westside-heights-harbor-bridge,traffic,p_000072,/d1/parking/p_000072,1
streetlight-with-statusok-and-locationcategorysidewalk-close-to-south-hills-harbor-bridge,streetlight,sl_000029,/d3/streetlight/sl_000029,3
streetlight-with-powerstateoff-and-lanternmodelhps-close-to-north-harbor-riverside-park,streetlight,sl_000010,/d0/streetlight/sl_000010,0
search-for-pollution-devices-monitoringstationfixed-airqualitylevelmoderate-near-greenfield-park-harbor-bridge,pollution,pol_000202,/d7/pollution/pol_000202,7
find-traffic-with-roadtype-localstreet-and-vehicletype-car-near-lakeside-district-botanical-garden,traffic,traf_000191,/d5/traffic/traf_000191,5
locate-streetlight-with-locationcategory-set-to-facade-near-old-town-core-convention-center-in-old-town-core-industrial-zone,streetlight,sl_000001,/d6/streetlight/sl_000001,6
find-streetlight-with-status-brokenlantern-and-lanternmodel-fluorescent-near-midtown-center-shopping-mall,streetlight,sl_000036,/d4/streetlight/sl_000036,4
show-parking-where-category-is-multistorey-allowedvehicletype-is-electricvehicle-in-eastshore-quarter-residential-block,traffic,p_000012,/d2/parking/p_000012,2
traffic-with-roadtypecollector-and-congestionlevelmoderate-close-to-north-harbor-university-campus,traffic,traf_000178,/d0/traffic/traf_000178,0
search-for-traffic-devices-lanedirectionbidirectional-vehicletypetruck-near-old-town-core-shopping-mall,traffic,traf_000063,/d6/traffic/traf_000063,6
traffic-with-roadtypeserviceroad-and-vehicletypebicycle-close-to-lakeside-district-city-hall,traffic,traf_000360,/d5/traffic/traf_000360,5
show-streetlight-where-locationcategory-is-garden-powerstate-is-low-in-south-hills-waterfront,streetlight,sl_000018,/d3/streetlight/sl_000018,3
find-parking-with-occupancystatus-almostfull-and-category-offstreet-near-north-harbor-sports-arena,parking,p_000007,/d0/parking/p_000007,0
locate-streetlight-with-locationcategory-set-to-tunnel-near-greenfield-park-city-library-in-greenfield-park-industrial-zone,streetlight,sl_000072,/d7/streetlight/sl_000072,7
search-for-traffic-devices-lanedirectionoutbound-roadtypearterial-near-old-town-core-riverside-park,traffic,traf_000047,/d6/traffic/traf_000047,6
list-traffic-having-congestionlevel-light-plus-vehicletype-motorcycle-in-lakeside-district,traffic,traf_000092,/d5/traffic/traf_000092,5
show-streetlight-where-powerstate-is-on-locationcategory-is-sidewalk-in-greenfield-park-industrial-zone,streetlight,sl_000145,/d7/streetlight/sl_000145,7
show-parking-where-category-is-offstreet-occupancystatus-is-almostfull-in-old-town-core-commercial-strip,parking,p_000032,/d6/parking/p_000032,6
give-me-streetlight-where-status-equals-defectivelamp-and-lanternmodel-equals-hps,streetlight,sl_000114,/d1/streetlight/sl_000114,1
show-traffic-where-congestionlevel-is-light-lanedirection-is-inbound-in-westside-heights-transit-hub,traffic,traf_000382,/d1/traffic/traf_000382,1
give-me-streetlight-where-locationcategory-equals-garden-and-lanternmodel-equals-fluorescent,streetlight,sl_000090,/d5/streetlight/sl_000090,5
locate-streetlight-with-locationcategory-set-to-sidewalk-near-westside-heights-town-square-in-westside-heights-residential-block,streetlight,sl_000071,/d1/streetlight/sl_000071,1
traffic-with-roadtypeserviceroad-and-lanedirectionbidirectional-close-to-north-harbor-clock-tower,traffic,traf_000024,/d0/traffic/traf_000024,0
show-parking-where-occupancystatus-is-almostfull-category-is-rooftop-in-lakeside-district-residential-block,parking,p_000199,/d5/parking/p_000199,5
find-parking-with-category-offstreet-and-allowedvehicletype-electricvehicle-near-old-town-core-harbor-bridge,traffic,p_000032,/d6/parking/p_000032,6
give-me-pollution-where-sourcetype-equals-naturalbackground-and-monitoringstation-equals-satellite,pollution,pol_000084,/d4/pollution/pol_000084,4
search-for-traffic-devices-lanedirectioninbound-roadtypelocalstreet-near-south-hills-historic-market,traffic,traf_000022,/d3/traffic/traf_000022,3
show-parking-where-category-is-surface-allowedvehicletype-is-car-in-lakeside-district-downtown,traffic,p_000059,/d5/parking/p_000059,5
list-traffic-having-vehicletype-truck-plus-congestionlevel-light-in-old-town-core,traffic,traf_000008,/d6/traffic/traf_000008,6
give-me-pollution-where-airqualitylevel-equals-unhealthy-and-pollutanttype-equals-co,pollution,pol_000053,/d2/pollution/pol_000053,2
give-me-pollution-where-pollutanttype-equals-o3-and-airqualitylevel-equals-hazardous,pollution,pol_000334,/d4/pollution/pol_000334,4
traffic-with-roadtypecollector-and-congestionlevelheavy-close-to-north-harbor-central-plaza,traffic,traf_000064,/d0/traffic/traf_000064,0
parking-with-allowedvehicletypebus-and-occupancystatusalmostfull-close-to-old-town-core-sports-arena,traffic,p_000023,/d6/parking/p_000023,6
list-traffic-having-roadtype-arterial-plus-congestionlevel-light-in-greenfield-park,traffic,traf_000277,/d7/traffic/traf_000277,7
show-pollution-where-monitoringstation-is-satellite-pollutanttype-is-o3-in-westside-heights-residential-block,pollution,pol_000078,/d1/pollution/pol_000078,1
find-streetlight-with-powerstate-bootingup-and-locationcategory-sidewalk-near-north-harbor-science-center,streetlight,sl_000024,/d0/streetlight/sl_000024,0
give-me-pollution-where-airqualitylevel-equals-unhealthy-and-sourcetype-equals-traffic,traffic,pol_000018,/d1/pollution/pol_000018,1
find-pollution-with-sourcetype-residential-and-pollutanttype-co-near-greenfield-park-city-hall,pollution,pol_000059,/d7/pollution/pol_000059,7
search-for-parking-devices-facilitytypegated-categoryoffstreet-near-north-harbor-clock-tower,parking,p_000007,/d0/parking/p_000007,0
find-streetlight-with-locationcategory-tunnel-and-lanternmodel-hps-near-eastshore-quarter-clock-tower,streetlight,sl_000064,/d2/streetlight/sl_000064,2
locate-parking-with-occupancystatus-set-to-available-near-south-hills-convention-center-in-south-hills-uptown,parking,p_000309,/d3/parking/p_000309,3
locate-streetlight-with-powerstate-set-to-low-near-midtown-center-town-square-in-midtown-center-transit-hub,streetlight,sl_000015,/d4/streetlight/sl_000015,4
query-parking-category-offstreet-facilitytype-covered-in-north-harbor,parking,p_000008,/d0/parking/p_000008,0
locate-traffic-with-lanedirection-set-to-outbound-near-eastshore-quarter-town-square-in-eastshore-quarter-civic-center,traffic,traf_000002,/d2/traffic/traf_000002,2
give-me-traffic-where-vehicletype-equals-bus-and-congestionlevel-equals-free,traffic,traf_000302,/d7/traffic/traf_000302,7
list-pollution-having-monitoringstation-satellite-plus-airqualitylevel-moderate-in-lakeside-district,pollution,pol_000297,/d5/pollution/pol_000297,5
list-parking-having-occupancystatus-full-plus-category-rooftop-in-eastshore-quarter,parking,p_000022,/d2/parking/p_000022,2
give-me-pollution-where-sourcetype-equals-naturalbackground-and-pollutanttype-equals-pm10,pollution,pol_000056,/d3/pollution/pol_000056,3
list-pollution-having-airqualitylevel-veryunhealthy-plus-pollutanttype-o3-in-greenfield-park,pollution,pol_000040,/d7/pollution/pol_000040,7
query-streetlight-locationcategory-park-lanternmodel-fluorescent-in-eastshore-quarter,streetlight,sl_000003,/d2/streetlight/sl_000003,2
give-me-parking-where-allowedvehicletype-equals-bicycle-and-occupancystatus-equals-almostfull,traffic,p_000063,/d0/parking/p_000063,0
streetlight-with-powerstateon-and-statuscolumnissue-close-to-south-hills-city-hall,streetlight,sl_000029,/d3/streetlight/sl_000029,3
find-pollution-with-airqualitylevel-veryunhealthy-and-sourcetype-naturalbackground-near-south-hills-clock-tower,pollution,pol_000060,/d3/pollution/pol_000060,3
show-parking-where-occupancystatus-is-available-allowedvehicletype-is-electricvehicle-in-north-harbor-civic-center,traffic,p_000009,/d0/parking/p_000009,0
pollution-with-sourcetypetraffic-and-pollutanttypepm10-close-to-south-hills-town-square,traffic,pol_000026,/d3/pollution/pol_000026,3
locate-traffic-with-lanedirection-set-to-inbound-near-north-harbor-waterfront-promenade-in-north-harbor-civic-center,traffic,traf_000082,/d0/traffic/traf_000082,0
search-for-traffic-devices-vehicletypemotorcycle-roadtypearterial-near-greenfield-park-main-station,traffic,traf_000074,/d7/traffic/traf_000074,7
search-for-streetlight-devices-powerstateon-statusok-near-westside-heights-harbor-bridge,streetlight,sl_000241,/d1/streetlight/sl_000241,1
pollution-with-monitoringstationmobile-and-pollutanttypeco-close-to-westside-heights-lighthouse,pollution,pol_000089,/d1/pollution/pol_000089,1
locate-parking-with-occupancystatus-set-to-available-near-north-harbor-central-plaza-in-north-harbor-uptown,parking,p_000009,/d0/parking/p_000009,0
list-parking-having-facilitytype-metered-plus-category-offstreet-in-lakeside-district,parking,p_000080,/d5/parking/p_000080,5
locate-parking-with-occupancystatus-set-to-almostfull-near-eastshore-quarter-cultural-center-in-eastshore-quarter-waterfront,parking,p_000015,/d2/parking/p_000015,2
give-me-streetlight-where-lanternmodel-equals-fluorescent-and-locationcategory-equals-garden,streetlight,sl_000020,/d2/streetlight/sl_000020,2
locate-parking-with-facilitytype-set-to-uncovered-near-south-hills-science-center-in-south-hills-transit-hub,parking,p_000062,/d3/parking/p_000062,3
show-parking-where-category-is-underground-occupancystatus-is-available-in-old-town-core-uptown,parking,p_000357,/d6/parking/p_000357,6
find-streetlight-with-status-defectivelamp-and-lanternmodel-mh-near-north-harbor-main-station,streetlight,sl_000010,/d0/streetlight/sl_000010,0
search-for-parking-devices-occupancystatusfull-allowedvehicletypecar-near-eastshore-quarter-shopping-mall,traffic,p_000022,/d2/parking/p_000022,2
list-traffic-having-lanedirection-bidirectional-plus-roadtype-arterial-in-north-harbor,traffic,traf_000540,/d0/traffic/traf_000540,0
give-me-traffic-where-lanedirection-equals-inbound-and-vehicletype-equals-bicycle,traffic,traf_000040,/d2/traffic/traf_000040,2
search-for-streetlight-devices-statuscolumnissue-powerstatelow-near-westside-heights-cultural-center,streetlight,sl_000119,/d1/streetlight/sl_000119,1
find-streetlight-with-powerstate-low-and-status-columnissue-near-eastshore-quarter-sports-arena,streetlight,sl_000003,/d2/streetlight/sl_000003,2
locate-traffic-with-vehicletype-set-to-truck-near-south-hills-central-plaza-in-south-hills-waterfront,traffic,traf_000078,/d3/traffic/traf_000078,3
pollution-with-airqualitylevelgood-and-pollutanttypeno2-close-to-lakeside-district-cultural-center,pollution,pol_000211,/d5/pollution/pol_000211,5
search-for-pollution-devices-pollutanttypeco-monitoringstationfixed-near-south-hills-science-center,pollution,pol_000143,/d3/pollution/pol_000143,3
query-parking-facilitytype-covered-allowedvehicletype-electricvehicle-in-midtown-center,traffic,p_000017,/d4/parking/p_000017,4
find-parking-with-occupancystatus-full-and-allowedvehicletype-bus-near-greenfield-park-waterfront-promenade,traffic,p_000110,/d7/parking/p_000110,7
give-me-parking-where-facilitytype-equals-covered-and-occupancystatus-equals-almostfull,parking,p_000173,/d7/parking/p_000173,7
streetlight-with-statuscolumnissue-and-locationcategorytunnel-close-to-eastshore-quarter-convention-center,streetlight,sl_000003,/d2/streetlight/sl_000003,2
traffic-with-lanedirectioninbound-and-vehicletypebicycle-close-to-westside-heights-lighthouse,traffic,traf_000010,/d1/traffic/traf_000010,1
find-streetlight-with-powerstate-off-and-lanternmodel-hps-near-south-hills-town-square,streetlight,sl_000006,/d3/streetlight/sl_000006,3
list-parking-having-allowedvehicletype-bus-plus-facilitytype-covered-in-north-harbor,traffic,p_000113,/d0/parking/p_000113,0
query-streetlight-powerstate-bootingup-locationcategory-road-in-greenfield-park,traffic,sl_000324,/d7/streetlight/sl_000324,7
show-traffic-where-roadtype-is-highway-congestionlevel-is-heavy-in-south-hills-financial-row,traffic,traf_000009,/d3/traffic/traf_000009,3
give-me-traffic-where-vehicletype-equals-bicycle-and-roadtype-equals-serviceroad,traffic,traf_000060,/d2/traffic/traf_000060,2
show-traffic-where-vehicletype-bus-in-westside-heights-financial-row,traffic,traf_000017,/d1/traffic/traf_000017,1
list-traffic-that-satisfy-vehicletype-bus-within-westside-heights-civic-center,traffic,traf_000017,/d1/traffic/traf_000017,1
which-traffic-have-vehicletype-bus-in-westside-heights-uptown,traffic,traf_000017,/d1/traffic/traf_000017,1
show-traffic-where-lanedirection-inbound-in-midtown-center-industrial-zone,traffic,traf_000079,/d4/traffic/traf_000079,4
list-traffic-that-satisfy-lanedirection-inbound-within-midtown-center-financial-row,traffic,traf_000028,/d4/traffic/traf_000028,4
which-traffic-have-lanedirection-inbound-in-midtown-center-waterfront,traffic,traf_000073,/d4/traffic/traf_000073,4
streetlight-data-lanternmodel-led-zone-westside-heights,streetlight,sl_000101,/d1/streetlight/sl_000101,1
report-on-streetlight-with-lanternmodel-led-in-westside-heights,streetlight,sl_000241,/d1/streetlight/sl_000241,1
query-streetlight-meeting-lanternmodel-led-across-westside-heights,streetlight,sl_000269,/d1/streetlight/sl_000269,1
find-parking-with-allowedvehicletype-electricvehicle-around-old-town-core-riverside-park,traffic,p_000048,/d6/parking/p_000048,6
search-for-parking-matching-allowedvehicletype-electricvehicle-near-old-town-core-clock-tower,traffic,p_000048,/d6/parking/p_000048,6
locate-parking-having-allowedvehicletype-electricvehicle-close-to-old-town-core-harbor-bridge,traffic,p_000048,/d6/parking/p_000048,6
find-parking-with-allowedvehicletype-bus-around-westside-heights-riverside-park,traffic,p_000119,/d1/parking/p_000119,1
search-for-parking-matching-allowedvehicletype-bus-near-westside-heights-central-plaza,traffic,p_000341,/d1/parking/p_000341,1
locate-parking-having-allowedvehicletype-bus-close-to-westside-heights-cathedral,traffic,p_000191,/d1/parking/p_000191,1
show-traffic-where-roadtype-collector-in-eastshore-quarter-arts-quarter,traffic,traf_000016,/d2/traffic/traf_000016,2
list-traffic-that-satisfy-roadtype-collector-within-eastshore-quarter-residential-block,traffic,traf_000016,/d2/traffic/traf_000016,2
which-traffic-have-roadtype-collector-in-eastshore-quarter-downtown,traffic,traf_000016,/d2/traffic/traf_000016,2
find-streetlight-with-lanternmodel-hps-around-westside-heights-shopping-mall,streetlight,sl_000546,/d1/streetlight/sl_000546,1
search-for-streetlight-matching-lanternmodel-hps-near-westside-heights-botanical-garden,streetlight,sl_000062,/d1/streetlight/sl_000062,1
locate-streetlight-having-lanternmodel-hps-close-to-westside-heights-botanical-garden,streetlight,sl_000274,/d1/streetlight/sl_000274,1
parking-data-category-underground-zone-south-hills,parking,p_000309,/d3/parking/p_000309,3
report-on-parking-with-category-underground-in-south-hills,parking,p_000309,/d3/parking/p_000309,3
query-parking-meeting-category-underground-across-south-hills,parking,p_000309,/d3/parking/p_000309,3
pollution-data-sourcetype-traffic-zone-eastshore-quarter,traffic,pol_000030,/d2/pollution/pol_000030,2
report-on-pollution-with-sourcetype-traffic-in-eastshore-quarter,traffic,pol_000030,/d2/pollution/pol_000030,2
query-pollution-meeting-sourcetype-traffic-across-eastshore-quarter,traffic,pol_000030,/d2/pollution/pol_000030,2
streetlight-data-lanternmodel-hps-zone-westside-heights,streetlight,sl_000546,/d1/streetlight/sl_000546,1
report-on-streetlight-with-lanternmodel-hps-in-westside-heights,streetlight,sl_000498,/d1/streetlight/sl_000498,1
query-streetlight-meeting-lanternmodel-hps-across-westside-heights,streetlight,sl_000526,/d1/streetlight/sl_000526,1
find-pollution-with-sourcetype-naturalbackground-around-midtown-center-main-station,pollution,pol_000084,/d4/pollution/pol_000084,4
search-for-pollution-matching-sourcetype-naturalbackground-near-midtown-center-main-station,pollution,pol_000084,/d4/pollution/pol_000084,4
locate-pollution-having-sourcetype-naturalbackground-close-to-midtown-center-botanical-garden,pollution,pol_000084,/d4/pollution/pol_000084,4
show-streetlight-where-powerstate-on-in-lakeside-district-downtown,streetlight,sl_000117,/d5/streetlight/sl_000117,5
list-streetlight-that-satisfy-powerstate-on-within-lakeside-district-waterfront,streetlight,sl_000117,/d5/streetlight/sl_000117,5
which-streetlight-have-powerstate-on-in-lakeside-district-commercial-strip,streetlight,sl_000117,/d5/streetlight/sl_000117,5
show-streetlight-where-status-defectivelamp-in-south-hills-transit-hub,streetlight,sl_000006,/d3/streetlight/sl_000006,3
list-streetlight-that-satisfy-status-defectivelamp-within-south-hills-arts-quarter,streetlight,sl_000006,/d3/streetlight/sl_000006,3
which-streetlight-have-status-defectivelamp-in-south-hills-residential-block,streetlight,sl_000006,/d3/streetlight/sl_000006,3
pollution-data-sourcetype-industrial-zone-old-town-core,pollution,pol_000017,/d6/pollution/pol_000017,6
report-on-pollution-with-sourcetype-industrial-in-old-town-core,pollution,pol_000017,/d6/pollution/pol_000017,6
query-pollution-meeting-sourcetype-industrial-across-old-town-core,pollution,pol_000017,/d6/pollution/pol_000017,6
show-streetlight-where-lanternmodel-hps-in-greenfield-park-transit-hub,streetlight,sl_000122,/d7/streetlight/sl_000122,7
list-streetlight-that-satisfy-lanternmodel-hps-within-greenfield-park-civic-center,streetlight,sl_000178,/d7/streetlight/sl_000178,7
which-streetlight-have-lanternmodel-hps-in-greenfield-park-residential-block,streetlight,sl_000178,/d7/streetlight/sl_000178,7
find-parking-with-facilitytype-metered-around-westside-heights-town-square,parking,p_000244,/d1/parking/p_000244,1
search-for-parking-matching-facilitytype-metered-near-westside-heights-central-plaza,parking,p_000316,/d1/parking/p_000316,1
locate-parking-having-facilitytype-metered-close-to-westside-heights-historic-market,parking,p_000224,/d1/parking/p_000224,1
parking-data-facilitytype-covered-zone-south-hills,parking,p_000001,/d3/parking/p_000001,3
report-on-parking-with-facilitytype-covered-in-south-hills,parking,p_000001,/d3/parking/p_000001,3
query-parking-meeting-facilitytype-covered-across-south-hills,parking,p_000001,/d3/parking/p_000001,3
show-pollution-where-monitoringstation-satellite-in-old-town-core-financial-row,pollution,pol_000081,/d6/pollution/pol_000081,6
list-pollution-that-satisfy-monitoringstation-satellite-within-old-town-core-financial-row,pollution,pol_000081,/d6/pollution/pol_000081,6
which-pollution-have-monitoringstation-satellite-in-old-town-core-uptown,pollution,pol_000081,/d6/pollution/pol_000081,6
find-streetlight-with-locationcategory-sidewalk-around-lakeside-district-cathedral,streetlight,sl_000191,/d5/streetlight/sl_000191,5
search-for-streetlight-matching-locationcategory-sidewalk-near-lakeside-district-city-library,streetlight,sl_000191,/d5/streetlight/sl_000191,5
locate-streetlight-having-locationcategory-sidewalk-close-to-lakeside-district-harbor-bridge,streetlight,sl_000191,/d5/streetlight/sl_000191,5
find-traffic-with-vehicletype-truck-around-south-hills-waterfront-promenade,traffic,traf_000078,/d3/traffic/traf_000078,3
search-for-traffic-matching-vehicletype-truck-near-south-hills-science-center,traffic,traf_000078,/d3/traffic/traf_000078,3
locate-traffic-having-vehicletype-truck-close-to-south-hills-waterfront-promenade,traffic,traf_000078,/d3/traffic/traf_000078,3
pollution-data-airqualitylevel-unhealthy-zone-lakeside-district,pollution,pol_000243,/d5/pollution/pol_000243,5
report-on-pollution-with-airqualitylevel-unhealthy-in-lakeside-district,pollution,pol_000213,/d5/pollution/pol_000213,5
query-pollution-meeting-airqualitylevel-unhealthy-across-lakeside-district,pollution,pol_000443,/d5/pollution/pol_000443,5
find-streetlight-with-lanternmodel-led-around-eastshore-quarter-shopping-mall,streetlight,sl_000005,/d2/streetlight/sl_000005,2
search-for-streetlight-matching-lanternmodel-led-near-eastshore-quarter-cathedral,streetlight,sl_000005,/d2/streetlight/sl_000005,2
locate-streetlight-having-lanternmodel-led-close-to-eastshore-quarter-botanical-garden,streetlight,sl_000005,/d2/streetlight/sl_000005,2
show-pollution-where-pollutanttype-o3-in-north-harbor-waterfront,pollution,pol_000172,/d0/pollution/pol_000172,0
list-pollution-that-satisfy-pollutanttype-o3-within-north-harbor-downtown,pollution,pol_000172,/d0/pollution/pol_000172,0
which-pollution-have-pollutanttype-o3-in-north-harbor-downtown,pollution,pol_000172,/d0/pollution/pol_000172,0
parking-data-facilitytype-metered-zone-old-town-core,parking,p_000216,/d6/parking/p_000216,6
report-on-parking-with-facilitytype-metered-in-old-town-core,parking,p_000428,/d6/parking/p_000428,6
query-parking-meeting-facilitytype-metered-across-old-town-core,parking,p_000032,/d6/parking/p_000032,6
find-pollution-with-pollutanttype-co-around-lakeside-district-convention-center,pollution,pol_000077,/d5/pollution/pol_000077,5
search-for-pollution-matching-pollutanttype-co-near-lakeside-district-waterfront-promenade,pollution,pol_000077,/d5/pollution/pol_000077,5
locate-pollution-having-pollutanttype-co-close-to-lakeside-district-waterfront-promenade,pollution,pol_000077,/d5/pollution/pol_000077,5
show-traffic-where-lanedirection-inbound-in-north-harbor-financial-row,traffic,traf_000019,/d0/traffic/traf_000019,0
list-traffic-that-satisfy-lanedirection-inbound-within-north-harbor-financial-row,traffic,traf_000214,/d0/traffic/traf_000214,0
which-traffic-have-lanedirection-inbound-in-north-harbor-civic-center,traffic,traf_000085,/d0/traffic/traf_000085,0
show-traffic-where-roadtype-arterial-in-eastshore-quarter-arts-quarter,traffic,traf_000007,/d2/traffic/traf_000007,2
list-traffic-that-satisfy-roadtype-arterial-within-eastshore-quarter-downtown,traffic,traf_000007,/d2/traffic/traf_000007,2
which-traffic-have-roadtype-arterial-in-eastshore-quarter-industrial-zone,traffic,traf_000007,/d2/traffic/traf_000007,2
parking-data-occupancystatus-full-zone-greenfield-park,parking,p_000110,/d7/parking/p_000110,7
report-on-parking-with-occupancystatus-full-in-greenfield-park,parking,p_000490,/d7/parking/p_000490,7
query-parking-meeting-occupancystatus-full-across-greenfield-park,parking,p_000146,/d7/parking/p_000146,7
show-traffic-where-lanedirection-bidirectional-in-eastshore-quarter-uptown,traffic,traf_000006,/d2/traffic/traf_000006,2
list-traffic-that-satisfy-lanedirection-bidirectional-within-eastshore-quarter-industrial-zone,traffic,traf_000006,/d2/traffic/traf_000006,2
which-traffic-have-lanedirection-bidirectional-in-eastshore-quarter-residential-block,traffic,traf_000006,/d2/traffic/traf_000006,2
show-traffic-where-congestionlevel-light-in-lakeside-district-industrial-zone,traffic,traf_000127,/d5/traffic/traf_000127,5
list-traffic-that-satisfy-congestionlevel-light-within-lakeside-district-downtown,traffic,traf_000162,/d5/traffic/traf_000162,5
which-traffic-have-congestionlevel-light-in-lakeside-district-waterfront,traffic,traf_000162,/d5/traffic/traf_000162,5
show-pollution-where-sourcetype-industrial-in-lakeside-district-residential-block,pollution,pol_000101,/d5/pollution/pol_000101,5
list-pollution-that-satisfy-sourcetype-industrial-within-lakeside-district-arts-quarter,pollution,pol_000073,/d5/pollution/pol_000073,5
which-pollution-have-sourcetype-industrial-in-lakeside-district-civic-center,pollution,pol_000257,/d5/pollution/pol_000257,5
show-traffic-where-vehicletype-bus-in-greenfield-park-transit-hub,traffic,traf_000457,/d7/traffic/traf_000457,7
list-traffic-that-satisfy-vehicletype-bus-within-greenfield-park-residential-block,traffic,traf_000302,/d7/traffic/traf_000302,7
which-traffic-have-vehicletype-bus-in-greenfield-park-residential-block,traffic,traf_000457,/d7/traffic/traf_000457,7
show-pollution-where-pollutanttype-o3-in-lakeside-district-downtown,pollution,pol_000082,/d5/pollution/pol_000082,5
list-pollution-that-satisfy-pollutanttype-o3-within-lakeside-district-commercial-strip,pollution,pol_000082,/d5/pollution/pol_000082,5
which-pollution-have-pollutanttype-o3-in-lakeside-district-residential-block,pollution,pol_000082,/d5/pollution/pol_000082,5
find-traffic-devices-in-lakeside-district,traffic,traf_000097,/d5/traffic/traf_000097,5
search-for-streetlight-alongside-pollution-around-westside-heights-clock-tower,pollution,sl_000062,/d1/streetlight/sl_000062,1
show-streetlight-plus-pollution-data-in-lakeside-district-arts-quarter,pollution,sl_000090,/d5/streetlight/sl_000090,5
search-for-streetlight-alongside-pollution-around-eastshore-quarter-art-museum,pollution,sl_000003,/d2/streetlight/sl_000003,2
show-streetlight-plus-pollution-data-in-eastshore-quarter-residential-block,pollution,sl_000003,/d2/streetlight/sl_000003,2
combined-parking-and-streetlight-readings-near-midtown-center-harbor-bridge,parking,p_000002,/d4/parking/p_000002,4
combined-pollution-and-streetlight-readings-near-old-town-core-sports-arena,pollution,pol_000007,/d6/pollution/pol_000007,6
search-for-streetlight-alongside-parking-around-south-hills-waterfront-promenade,parking,sl_000004,/d3/streetlight/sl_000004,3
find-pollution-and-traffic-sensors-in-greenfield-park,traffic,pol_000002,/d7/pollution/pol_000002,7
find-parking-and-streetlight-sensors-in-greenfield-park,parking,p_000041,/d7/parking/p_000041,7
find-streetlight-and-pollution-sensors-in-westside-heights,pollution,sl_000062,/d1/streetlight/sl_000062,1
show-traffic-plus-pollution-data-in-westside-heights-financial-row,traffic,traf_000004,/d1/traffic/traf_000004,1
show-traffic-plus-parking-data-in-midtown-center-uptown,traffic,traf_000012,/d4/traffic/traf_000012,4
find-streetlight-and-traffic-sensors-in-south-hills,traffic,sl_000004,/d3/streetlight/sl_000004,3
find-streetlight-and-traffic-sensors-in-westside-heights,traffic,sl_000062,/d1/streetlight/sl_000062,1
find-traffic-and-parking-sensors-in-south-hills,traffic,traf_000009,/d3/traffic/traf_000009,3
find-traffic-and-streetlight-sensors-in-old-town-core,traffic,traf_000008,/d6/traffic/traf_000008,6
combined-streetlight-and-pollution-readings-near-lakeside-district-main-station,pollution,sl_000090,/d5/streetlight/sl_000090,5
find-traffic-and-pollution-sensors-in-midtown-center,traffic,traf_000012,/d4/traffic/traf_000012,4
find-traffic-and-pollution-sensors-in-eastshore-quarter,traffic,traf_000002,/d2/traffic/traf_000002,2
search-for-parking-alongside-pollution-around-south-hills-science-center,parking,p_000001,/d3/parking/p_000001,3
show-pollution-plus-streetlight-data-in-old-town-core-financial-row,pollution,pol_000007,/d6/pollution/pol_000007,6
combined-traffic-and-pollution-readings-near-eastshore-quarter-shopping-mall,traffic,traf_000002,/d2/traffic/traf_000002,2
search-for-pollution-alongside-traffic-around-eastshore-quarter-main-station,traffic,pol_000005,/d2/pollution/pol_000005,2
show-parking-plus-streetlight-data-in-midtown-center-downtown,parking,p_000002,/d4/parking/p_000002,4
find-parking-and-traffic-sensors-in-north-harbor,traffic,p_000004,/d0/parking/p_000004,0
search-for-streetlight-alongside-pollution-around-greenfield-park-university-campus,pollution,sl_000023,/d7/streetlight/sl_000023,7
find-parking-and-pollution-sensors-in-lakeside-district,parking,p_000054,/d5/parking/p_000054,5
combined-streetlight-and-parking-readings-near-westside-heights-city-library,parking,sl_000062,/d1/streetlight/sl_000062,1
search-for-pollution-alongside-parking-around-westside-heights-riverside-park,parking,pol_000003,/d1/pollution/pol_000003,1
find-streetlight-and-traffic-sensors-in-lakeside-district,traffic,sl_000090,/d5/streetlight/sl_000090,5
find-streetlight-and-traffic-sensors-in-midtown-center,traffic,sl_000014,/d4/streetlight/sl_000014,4
show-pollution-plus-traffic-data-in-lakeside-district-residential-block,traffic,pol_000073,/d5/pollution/pol_000073,5
search-for-streetlight-alongside-pollution-around-greenfield-park-clock-tower,pollution,sl_000023,/d7/streetlight/sl_000023,7
find-pollution-and-parking-sensors-in-westside-heights,parking,pol_000003,/d1/pollution/pol_000003,1
search-for-parking-alongside-pollution-around-midtown-center-cathedral,parking,p_000002,/d4/parking/p_000002,4
search-for-traffic-alongside-parking-around-lakeside-district-waterfront-promenade,traffic,traf_000089,/d5/traffic/traf_000089,5
combined-parking-and-pollution-readings-near-old-town-core-cultural-center,parking,p_000003,/d6/parking/p_000003,6
combined-traffic-and-parking-readings-near-south-hills-riverside-park,traffic,traf_000009,/d3/traffic/traf_000009,3
search-for-parking-alongside-traffic-around-north-harbor-central-plaza,traffic,p_000004,/d0/parking/p_000004,0
show-streetlight-plus-parking-data-in-north-harbor-financial-row,parking,sl_000010,/d0/streetlight/sl_000010,0
show-pollution-plus-parking-data-in-westside-heights-downtown,parking,pol_000003,/d1/pollution/pol_000003,1
combined-streetlight-and-pollution-readings-near-old-town-core-lighthouse,pollution,sl_000001,/d6/streetlight/sl_000001,6
combined-parking-and-pollution-readings-near-midtown-center-cathedral,parking,p_000002,/d4/parking/p_000002,4
show-parking-plus-streetlight-data-in-westside-heights-financial-row,parking,p_000039,/d1/parking/p_000039,1
find-traffic-and-pollution-sensors-in-greenfield-park,traffic,traf_000001,/d7/traffic/traf_000001,7
combined-streetlight-and-pollution-readings-near-eastshore-quarter-art-museum,pollution,sl_000003,/d2/streetlight/sl_000003,2
combined-traffic-and-pollution-readings-near-old-town-core-main-station,traffic,traf_000008,/d6/traffic/traf_000008,6
find-traffic-and-pollution-sensors-in-north-harbor,traffic,traf_000013,/d0/traffic/traf_000013,0
search-for-parking-alongside-traffic-around-north-harbor-botanical-garden,traffic,p_000004,/d0/parking/p_000004,0
combined-streetlight-and-pollution-readings-near-eastshore-quarter-city-library,pollution,sl_000003,/d2/streetlight/sl_000003,2
