run_id,run_class,workflow,artifact_type,canonical_path,source_path,size_bytes,sha256
fig12-paper-grade-20260310a-central_proc2_s42,paper_grade,fig12_paper_grade_accuracy,summary.csv,results/runs/fig12-paper-grade-20260310a-central_proc2_s42/summary.csv,/private/tmp/fig12-paper-grade-20260310a-stage/central_proc2_s42/summary.csv,540,b5f8f1122425aca2d4d46d4b19a2f7447c20120f18d4f8fe7a1ab41989ff42e8
fig12-paper-grade-20260310a-central_proc2_s42,paper_grade,fig12_paper_grade_accuracy,query_log.csv,results/runs/fig12-paper-grade-20260310a-central_proc2_s42/query_log.csv,/private/tmp/fig12-paper-grade-20260310a-stage/central_proc2_s42/query_log.csv,279026,fa47700735c2a4a99ddf1ad710c925d6d0d4cdff716885581b24da87e35a245c
fig12-paper-grade-20260310a-central_proc2_s42,paper_grade,fig12_paper_grade_accuracy,latency_sanity.csv,results/runs/fig12-paper-grade-20260310a-central_proc2_s42/latency_sanity.csv,/private/tmp/fig12-paper-grade-20260310a-stage/central_proc2_s42/latency_sanity.csv,370,c806a6e8a82a667d8083ed881f0726f67718a709a452fec5b290fe0da33ed932
fig12-paper-grade-20260310a-central_proc2_s42,paper_grade,fig12_paper_grade_accuracy,failure_sanity.csv,results/runs/fig12-paper-grade-20260310a-central_proc2_s42/failure_sanity.csv,/private/tmp/fig12-paper-grade-20260310a-stage/central_proc2_s42/failure_sanity.csv,246,66a8dd6d79427086f5fa66227f55bdb4e196d5c26a302ccf18ee4c01e983e734
fig12-paper-grade-20260310a-central_proc2_s42,paper_grade,fig12_paper_grade_accuracy,source_manifest.json,results/runs/fig12-paper-grade-20260310a-central_proc2_s42/source_manifest.json,/private/tmp/fig12-paper-grade-20260310a-stage/central_proc2_s42/manifest.json,745,9ca3284923216f513a93aba969dfb2e1cf61494665b40465e71a2140924696cb
fig12-paper-grade-20260310a-central_proc2_s42,paper_grade,fig12_paper_grade_accuracy,source_run_manifest.json,results/runs/fig12-paper-grade-20260310a-central_proc2_s42/source_run_manifest.json,/private/tmp/fig12-paper-grade-20260310a-stage/central_proc2_s42/run_manifest.json,2645,c6435cc7a1db546ed6e615ac6e17ef7f9d4ce936d3c53987bc5619970cec38ae
fig12-paper-grade-20260310a-flood_budget2_s42,paper_grade,fig12_paper_grade_accuracy,summary.csv,results/runs/fig12-paper-grade-20260310a-flood_budget2_s42/summary.csv,/private/tmp/fig12-paper-grade-20260310a-stage/flood_budget2_s42/summary.csv,539,21f745681f700a2cb202c4aba4beffd52454a618f6c0426a50070e74bfec14c1
fig12-paper-grade-20260310a-flood_budget2_s42,paper_grade,fig12_paper_grade_accuracy,query_log.csv,results/runs/fig12-paper-grade-20260310a-flood_budget2_s42/query_log.csv,/private/tmp/fig12-paper-grade-20260310a-stage/flood_budget2_s42/query_log.csv,293176,26e8f9357b5af0a2cb1f6845cf689bd90525f59d942450c18df2efe7e8a3e464
fig12-paper-grade-20260310a-flood_budget2_s42,paper_grade,fig12_paper_grade_accuracy,latency_sanity.csv,results/runs/fig12-paper-grade-20260310a-flood_budget2_s42/latency_sanity.csv,/private/tmp/fig12-paper-grade-20260310a-stage/flood_budget2_s42/latency_sanity.csv,382,9220c036f300a6d68c7894ceb58678c59a588a503211689702c02bc254e55dc1
fig12-paper-grade-20260310a-flood_budget2_s42,paper_grade,fig12_paper_grade_accuracy,failure_sanity.csv,results/runs/fig12-paper-grade-20260310a-flood_budget2_s42/failure_sanity.csv,/private/tmp/fig12-paper-grade-20260310a-stage/flood_budget2_s42/failure_sanity.csv,246,66a8dd6d79427086f5fa66227f55bdb4e196d5c26a302ccf18ee4c01e983e734
fig12-paper-grade-20260310a-flood_budget2_s42,paper_grade,fig12_paper_grade_accuracy,source_manifest.json,results/runs/fig12-paper-grade-20260310a-flood_budget2_s42/source_manifest.json,/private/tmp/fig12-paper-grade-20260310a-stage/flood_budget2_s42/manifest.json,759,c34f0b148bd33f8332af343eae8e07ab9993d6f7931d0334d9a5acb3291ae2e0
fig12-paper-grade-20260310a-flood_budget2_s42,paper_grade,fig12_paper_grade_accuracy,source_run_manifest.json,results/runs/fig12-paper-grade-20260310a-flood_budget2_s42/source_run_manifest.json,/private/tmp/fig12-paper-grade-20260310a-stage/flood_budget2_s42/run_manifest.json,2645,a42ac378b7a96db0042ef9bacc338c1a3207d38271bdd92126b97280d0f58a58
fig12-paper-grade-20260310a-flood_budget4_s42,paper_grade,fig12_paper_grade_accuracy,summary.csv,results/runs/fig12-paper-grade-20260310a-flood_budget4_s42/summary.csv,/private/tmp/fig12-paper-grade-20260310a-stage/flood_budget4_s42/summary.csv,541,abf43adae371f0cb179653addab09f6a1e47211ddb326ff0901f09fb12ba8708
fig12-paper-grade-20260310a-flood_budget4_s42,paper_grade,fig12_paper_grade_accuracy,query_log.csv,results/runs/fig12-paper-grade-20260310a-flood_budget4_s42/query_log.csv,/private/tmp/fig12-paper-grade-20260310a-stage/flood_budget4_s42/query_log.csv,305753,3fcd27b1d73e240d97adaa808e35b731855589b9c712315b9172f611215d3738
fig12-paper-grade-20260310a-flood_budget4_s42,paper_grade,fig12_paper_grade_accuracy,latency_sanity.csv,results/runs/fig12-paper-grade-20260310a-flood_budget4_s42/latency_sanity.csv,/private/tmp/fig12-paper-grade-20260310a-stage/flood_budget4_s42/latency_sanity.csv,382,99e5ca04c0adbcc91eb43dbab737e54b2695bc0ad860268336c265fc5a975433
fig12-paper-grade-20260310a-flood_budget4_s42,paper_grade,fig12_paper_grade_accuracy,failure_sanity.csv,results/runs/fig12-paper-grade-20260310a-flood_budget4_s42/failure_sanity.csv,/private/tmp/fig12-paper-grade-20260310a-stage/flood_budget4_s42/failure_sanity.csv,246,66a8dd6d79427086f5fa66227f55bdb4e196d5c26a302ccf18ee4c01e983e734
fig12-paper-grade-20260310a-flood_budget4_s42,paper_grade,fig12_paper_grade_accuracy,source_manifest.json,results/runs/fig12-paper-grade-20260310a-flood_budget4_s42/source_manifest.json,/private/tmp/fig12-paper-grade-20260310a-stage/flood_budget4_s42/manifest.json,758,02647652574dc4b27dea846488524e04d3345d745b85fc85061a376a9d79d561
fig12-paper-grade-20260310a-flood_budget4_s42,paper_grade,fig12_paper_grade_accuracy,source_run_manifest.json,results/runs/fig12-paper-grade-20260310a-flood_budget4_s42/source_run_manifest.json,/private/tmp/fig12-paper-grade-20260310a-stage/flood_budget4_s42/run_manifest.json,2645,6616642922d85553a892528fea2ab69737c94ce6e2606b9a3393d8a60e4b62fd
fig12-paper-grade-20260310a-flood_budget8_s42,paper_grade,fig12_paper_grade_accuracy,summary.csv,results/runs/fig12-paper-grade-20260310a-flood_budget8_s42/summary.csv,/private/tmp/fig12-paper-grade-20260310a-stage/flood_budget8_s42/summary.csv,541,c4eac7c56ae2bc7f9eac793f41f2453edb96d0a54cf936e3bae8bfb16c90f7a2
fig12-paper-grade-20260310a-flood_budget8_s42,paper_grade,fig12_paper_grade_accuracy,query_log.csv,results/runs/fig12-paper-grade-20260310a-flood_budget8_s42/query_log.csv,/private/tmp/fig12-paper-grade-20260310a-stage/flood_budget8_s42/query_log.csv,328554,d8175d2694e30c4c56ea34265bbd516a1629405004bc6dff8ebb779543e3d831
fig12-paper-grade-20260310a-flood_budget8_s42,paper_grade,fig12_paper_grade_accuracy,latency_sanity.csv,results/runs/fig12-paper-grade-20260310a-flood_budget8_s42/latency_sanity.csv,/private/tmp/fig12-paper-grade-20260310a-stage/flood_budget8_s42/latency_sanity.csv,385,0a84530f92cb7a6970be1221b70e00de2f68fb3bf53a5e73d217b9a85bcf9b83
fig12-paper-grade-20260310a-flood_budget8_s42,paper_grade,fig12_paper_grade_accuracy,failure_sanity.csv,results/runs/fig12-paper-grade-20260310a-flood_budget8_s42/failure_sanity.csv,/private/tmp/fig12-paper-grade-20260310a-stage/flood_budget8_s42/failure_sanity.csv,246,66a8dd6d79427086f5fa66227f55bdb4e196d5c26a302ccf18ee4c01e983e734
fig12-paper-grade-20260310a-flood_budget8_s42,paper_grade,fig12_paper_grade_accuracy,source_manifest.json,results/runs/fig12-paper-grade-20260310a-flood_budget8_s42/source_manifest.json,/private/tmp/fig12-paper-grade-20260310a-stage/flood_budget8_s42/manifest.json,758,bfb5abd3172a013a0ee0dafc7ed628b3420e41cb003cb8cf95ba95eb7d0b0db7
fig12-paper-grade-20260310a-flood_budget8_s42,paper_grade,fig12_paper_grade_accuracy,source_run_manifest.json,results/runs/fig12-paper-grade-20260310a-flood_budget8_s42/source_run_manifest.json,/private/tmp/fig12-paper-grade-20260310a-stage/flood_budget8_s42/run_manifest.json,2645,18fff37f73d8ee23758a9239c74db85001583aa3ff26e0e73d311992aa88b008
fig12-paper-grade-20260310a-iroute_M1_s42,paper_grade,fig12_paper_grade_accuracy,summary.csv,results/runs/fig12-paper-grade-20260310a-iroute_M1_s42/summary.csv,/private/tmp/fig12-paper-grade-20260310a-stage/iroute_M1_s42/summary.csv,542,48ecad93a6dac92fe1865893ca57bf7fea68887a775c291bd583400b63a2a003
fig12-paper-grade-20260310a-iroute_M1_s42,paper_grade,fig12_paper_grade_accuracy,query_log.csv,results/runs/fig12-paper-grade-20260310a-iroute_M1_s42/query_log.csv,/private/tmp/fig12-paper-grade-20260310a-stage/iroute_M1_s42/query_log.csv,353504,979e55a87495a085eeddbac8eb7482b9c0cf7868e61ab84b2581dbb013a3f689
fig12-paper-grade-20260310a-iroute_M1_s42,paper_grade,fig12_paper_grade_accuracy,latency_sanity.csv,results/runs/fig12-paper-grade-20260310a-iroute_M1_s42/latency_sanity.csv,/private/tmp/fig12-paper-grade-20260310a-stage/iroute_M1_s42/latency_sanity.csv,389,f3fced1cdcc3fc3883e86df1017190148766c4a7531e85c0ff2ca2ab21e1c91f
fig12-paper-grade-20260310a-iroute_M1_s42,paper_grade,fig12_paper_grade_accuracy,failure_sanity.csv,results/runs/fig12-paper-grade-20260310a-iroute_M1_s42/failure_sanity.csv,/private/tmp/fig12-paper-grade-20260310a-stage/iroute_M1_s42/failure_sanity.csv,246,66a8dd6d79427086f5fa66227f55bdb4e196d5c26a302ccf18ee4c01e983e734
fig12-paper-grade-20260310a-iroute_M1_s42,paper_grade,fig12_paper_grade_accuracy,source_manifest.json,results/runs/fig12-paper-grade-20260310a-iroute_M1_s42/source_manifest.json,/private/tmp/fig12-paper-grade-20260310a-stage/iroute_M1_s42/manifest.json,754,b211f1a003bc5cbfe227e9b7e228ccd6198667318eee23f3131ab499866cd2f0
fig12-paper-grade-20260310a-iroute_M1_s42,paper_grade,fig12_paper_grade_accuracy,source_run_manifest.json,results/runs/fig12-paper-grade-20260310a-iroute_M1_s42/source_run_manifest.json,/private/tmp/fig12-paper-grade-20260310a-stage/iroute_M1_s42/run_manifest.json,2633,62015375ebc61c4204b5e6bcf815a0557d5bdac6a749feb402396e23c2976d48
fig12-paper-grade-20260310a-iroute_M4_s42,paper_grade,fig12_paper_grade_accuracy,summary.csv,results/runs/fig12-paper-grade-20260310a-iroute_M4_s42/summary.csv,/private/tmp/fig12-paper-grade-20260310a-stage/iroute_M4_s42/summary.csv,543,1fe1c4f4dc94b98959d22ff6bbd8643b52e087c6562506a69dc846ac56090daa
fig12-paper-grade-20260310a-iroute_M4_s42,paper_grade,fig12_paper_grade_accuracy,query_log.csv,results/runs/fig12-paper-grade-20260310a-iroute_M4_s42/query_log.csv,/private/tmp/fig12-paper-grade-20260310a-stage/iroute_M4_s42/query_log.csv,352743,26d8fddb8df5d7a96784ba81173619da88e25858404b9bcdb01a61794620dc48
fig12-paper-grade-20260310a-iroute_M4_s42,paper_grade,fig12_paper_grade_accuracy,latency_sanity.csv,results/runs/fig12-paper-grade-20260310a-iroute_M4_s42/latency_sanity.csv,/private/tmp/fig12-paper-grade-20260310a-stage/iroute_M4_s42/latency_sanity.csv,388,bf1d731595c00b072f0aa3115e1ae9f1d727a60c4a9be4ac52fb570a4632ad85
fig12-paper-grade-20260310a-iroute_M4_s42,paper_grade,fig12_paper_grade_accuracy,failure_sanity.csv,results/runs/fig12-paper-grade-20260310a-iroute_M4_s42/failure_sanity.csv,/private/tmp/fig12-paper-grade-20260310a-stage/iroute_M4_s42/failure_sanity.csv,246,66a8dd6d79427086f5fa66227f55bdb4e196d5c26a302ccf18ee4c01e983e734
fig12-paper-grade-20260310a-iroute_M4_s42,paper_grade,fig12_paper_grade_accuracy,source_manifest.json,results/runs/fig12-paper-grade-20260310a-iroute_M4_s42/source_manifest.json,/private/tmp/fig12-paper-grade-20260310a-stage/iroute_M4_s42/manifest.json,755,dd08a89f85d2aaaf7364a12d999fa1f1f063bf74f7c202af1b8cacf81c5286dc
fig12-paper-grade-20260310a-iroute_M4_s42,paper_grade,fig12_paper_grade_accuracy,source_run_manifest.json,results/runs/fig12-paper-grade-20260310a-iroute_M4_s42/source_run_manifest.json,/private/tmp/fig12-paper-grade-20260310a-stage/iroute_M4_s42/run_manifest.json,2633,27bd508a2dc9d8dc682bc38674bf1a9b0716286dd0f3c0e542ec0b64522fb2de
fig12-paper-grade-20260310a-iroute_M8_s42,paper_grade,fig12_paper_grade_accuracy,summary.csv,results/runs/fig12-paper-grade-20260310a-iroute_M8_s42/summary.csv,/private/tmp/fig12-paper-grade-20260310a-stage/iroute_M8_s42/summary.csv,543,1fe1c4f4dc94b98959d22ff6bbd8643b52e087c6562506a69dc846ac56090daa
fig12-paper-grade-20260310a-iroute_M8_s42,paper_grade,fig12_paper_grade_accuracy,query_log.csv,results/runs/fig12-paper-grade-20260310a-iroute_M8_s42/query_log.csv,/private/tmp/fig12-paper-grade-20260310a-stage/iroute_M8_s42/query_log.csv,352743,26d8fddb8df5d7a96784ba81173619da88e25858404b9bcdb01a61794620dc48
fig12-paper-grade-20260310a-iroute_M8_s42,paper_grade,fig12_paper_grade_accuracy,latency_sanity.csv,results/runs/fig12-paper-grade-20260310a-iroute_M8_s42/latency_sanity.csv,/private/tmp/fig12-paper-grade-20260310a-stage/iroute_M8_s42/latency_sanity.csv,388,bf1d731595c00b072f0aa3115e1ae9f1d727a60c4a9be4ac52fb570a4632ad85
fig12-paper-grade-20260310a-iroute_M8_s42,paper_grade,fig12_paper_grade_accuracy,failure_sanity.csv,results/runs/fig12-paper-grade-20260310a-iroute_M8_s42/failure_sanity.csv,/private/tmp/fig12-paper-grade-20260310a-stage/iroute_M8_s42/failure_sanity.csv,246,66a8dd6d79427086f5fa66227f55bdb4e196d5c26a302ccf18ee4c01e983e734
fig12-paper-grade-20260310a-iroute_M8_s42,paper_grade,fig12_paper_grade_accuracy,source_manifest.json,results/runs/fig12-paper-grade-20260310a-iroute_M8_s42/source_manifest.json,/private/tmp/fig12-paper-grade-20260310a-stage/iroute_M8_s42/manifest.json,755,05cb6e0d3d7fde4697fc93e0ada819857757fc6c1520e83c811eedc4466393e4
fig12-paper-grade-20260310a-iroute_M8_s42,paper_grade,fig12_paper_grade_accuracy,source_run_manifest.json,results/runs/fig12-paper-grade-20260310a-iroute_M8_s42/source_run_manifest.json,/private/tmp/fig12-paper-grade-20260310a-stage/iroute_M8_s42/run_manifest.json,2633,eebdac4d66cb87947b27c03b102f0d64017bdd3c844f1a5d397e91ca5957844c
fig12-paper-grade-20260310a-tag_tagK16_s42,paper_grade,fig12_paper_grade_accuracy,summary.csv,results/runs/fig12-paper-grade-20260310a-tag_tagK16_s42/summary.csv,/private/tmp/fig12-paper-grade-20260310a-stage/tag_tagK16_s42/summary.csv,542,a933431944053b91e18a31979d863bdeeb963eb05bd72bedac713e8c1eba926d
fig12-paper-grade-20260310a-tag_tagK16_s42,paper_grade,fig12_paper_grade_accuracy,query_log.csv,results/runs/fig12-paper-grade-20260310a-tag_tagK16_s42/query_log.csv,/private/tmp/fig12-paper-grade-20260310a-stage/tag_tagK16_s42/query_log.csv,326648,7c6207b72a45124417999805ad23341989d841fdb54e4e7a29ec59a7b85f3297
fig12-paper-grade-20260310a-tag_tagK16_s42,paper_grade,fig12_paper_grade_accuracy,latency_sanity.csv,results/runs/fig12-paper-grade-20260310a-tag_tagK16_s42/latency_sanity.csv,/private/tmp/fig12-paper-grade-20260310a-stage/tag_tagK16_s42/latency_sanity.csv,378,1a0951c1be8e692279b9264140f21d44a9276231ee126ce3e3a444a5ca19969e
fig12-paper-grade-20260310a-tag_tagK16_s42,paper_grade,fig12_paper_grade_accuracy,failure_sanity.csv,results/runs/fig12-paper-grade-20260310a-tag_tagK16_s42/failure_sanity.csv,/private/tmp/fig12-paper-grade-20260310a-stage/tag_tagK16_s42/failure_sanity.csv,246,66a8dd6d79427086f5fa66227f55bdb4e196d5c26a302ccf18ee4c01e983e734
fig12-paper-grade-20260310a-tag_tagK16_s42,paper_grade,fig12_paper_grade_accuracy,source_manifest.json,results/runs/fig12-paper-grade-20260310a-tag_tagK16_s42/source_manifest.json,/private/tmp/fig12-paper-grade-20260310a-stage/tag_tagK16_s42/manifest.json,753,ae73bc47eb230370a90178c51ebdc440555076575d9587cf733ad7c7603e24a8
fig12-paper-grade-20260310a-tag_tagK16_s42,paper_grade,fig12_paper_grade_accuracy,source_run_manifest.json,results/runs/fig12-paper-grade-20260310a-tag_tagK16_s42/source_run_manifest.json,/private/tmp/fig12-paper-grade-20260310a-stage/tag_tagK16_s42/run_manifest.json,2636,d4607545f78f9c63cd018e17f0d8a3ff2aa68dd919aa3761943a4ab441af0f1b
fig12-paper-grade-20260310a-tag_tagK32_s42,paper_grade,fig12_paper_grade_accuracy,summary.csv,results/runs/fig12-paper-grade-20260310a-tag_tagK32_s42/summary.csv,/private/tmp/fig12-paper-grade-20260310a-stage/tag_tagK32_s42/summary.csv,544,f75b2875d64d703c0e5fd5e0990b0b9dd26f3d1438f19da35c50697a127a1fee
fig12-paper-grade-20260310a-tag_tagK32_s42,paper_grade,fig12_paper_grade_accuracy,query_log.csv,results/runs/fig12-paper-grade-20260310a-tag_tagK32_s42/query_log.csv,/private/tmp/fig12-paper-grade-20260310a-stage/tag_tagK32_s42/query_log.csv,332582,05ef0a2be15da8bbfdbda3767921f02a8eb680cfac613cd76861b5244df70f87
fig12-paper-grade-20260310a-tag_tagK32_s42,paper_grade,fig12_paper_grade_accuracy,latency_sanity.csv,results/runs/fig12-paper-grade-20260310a-tag_tagK32_s42/latency_sanity.csv,/private/tmp/fig12-paper-grade-20260310a-stage/tag_tagK32_s42/latency_sanity.csv,378,48d6e03f90ec8943dceb0b7b6bbe611cd2b99e96cbc9ab5f26f1c3b83ab3101a
fig12-paper-grade-20260310a-tag_tagK32_s42,paper_grade,fig12_paper_grade_accuracy,failure_sanity.csv,results/runs/fig12-paper-grade-20260310a-tag_tagK32_s42/failure_sanity.csv,/private/tmp/fig12-paper-grade-20260310a-stage/tag_tagK32_s42/failure_sanity.csv,246,66a8dd6d79427086f5fa66227f55bdb4e196d5c26a302ccf18ee4c01e983e734
fig12-paper-grade-20260310a-tag_tagK32_s42,paper_grade,fig12_paper_grade_accuracy,source_manifest.json,results/runs/fig12-paper-grade-20260310a-tag_tagK32_s42/source_manifest.json,/private/tmp/fig12-paper-grade-20260310a-stage/tag_tagK32_s42/manifest.json,753,76e64b20039bd94f300d40f179aacc9a94de1dee8510f5b9a79f71a10e6a066c
fig12-paper-grade-20260310a-tag_tagK32_s42,paper_grade,fig12_paper_grade_accuracy,source_run_manifest.json,results/runs/fig12-paper-grade-20260310a-tag_tagK32_s42/source_run_manifest.json,/private/tmp/fig12-paper-grade-20260310a-stage/tag_tagK32_s42/run_manifest.json,2636,76964d5f83f01fc107daddd1976b1dc0359fa735b2397e9288e75d8bbeb02bd1
fig12-paper-grade-20260310a-tag_tagK8_s42,paper_grade,fig12_paper_grade_accuracy,summary.csv,results/runs/fig12-paper-grade-20260310a-tag_tagK8_s42/summary.csv,/private/tmp/fig12-paper-grade-20260310a-stage/tag_tagK8_s42/summary.csv,542,29614d923d0e3b64b1c043ae854215bfde399859e67988c74d595357a8e79ce3
fig12-paper-grade-20260310a-tag_tagK8_s42,paper_grade,fig12_paper_grade_accuracy,query_log.csv,results/runs/fig12-paper-grade-20260310a-tag_tagK8_s42/query_log.csv,/private/tmp/fig12-paper-grade-20260310a-stage/tag_tagK8_s42/query_log.csv,314868,e5133cb28610d730f91cfc6788a02394c1eff3d98cdc31a0281f67a9836bfedc
fig12-paper-grade-20260310a-tag_tagK8_s42,paper_grade,fig12_paper_grade_accuracy,latency_sanity.csv,results/runs/fig12-paper-grade-20260310a-tag_tagK8_s42/latency_sanity.csv,/private/tmp/fig12-paper-grade-20260310a-stage/tag_tagK8_s42/latency_sanity.csv,379,f16762dd18630493b81f5e38fb57cdc284171142908bc2000aa93c3ac366964e
fig12-paper-grade-20260310a-tag_tagK8_s42,paper_grade,fig12_paper_grade_accuracy,failure_sanity.csv,results/runs/fig12-paper-grade-20260310a-tag_tagK8_s42/failure_sanity.csv,/private/tmp/fig12-paper-grade-20260310a-stage/tag_tagK8_s42/failure_sanity.csv,246,66a8dd6d79427086f5fa66227f55bdb4e196d5c26a302ccf18ee4c01e983e734
fig12-paper-grade-20260310a-tag_tagK8_s42,paper_grade,fig12_paper_grade_accuracy,source_manifest.json,results/runs/fig12-paper-grade-20260310a-tag_tagK8_s42/source_manifest.json,/private/tmp/fig12-paper-grade-20260310a-stage/tag_tagK8_s42/manifest.json,751,3f0b24ea0c94ccdacbc1e5f847cf27e3894fef16eed99acc63e0310392fa3f01
fig12-paper-grade-20260310a-tag_tagK8_s42,paper_grade,fig12_paper_grade_accuracy,source_run_manifest.json,results/runs/fig12-paper-grade-20260310a-tag_tagK8_s42/source_run_manifest.json,/private/tmp/fig12-paper-grade-20260310a-stage/tag_tagK8_s42/run_manifest.json,2633,e2ab96132f1b4f26dd8ea480c4153c10da5ba9e272710b945a815dbcc9997c8f
fig3-load-paper-grade-20260311a-central_freq10_s42,paper_grade,load_paper_grade_minimal,summary.csv,results/runs/fig3-load-paper-grade-20260311a-central_freq10_s42/summary.csv,/private/tmp/fig3-load-paper-grade-20260311a-stage/central_freq10_s42/summary.csv,542,97ed8592d1e8d46841d77a9c8967331e6eba9a7f31af07e411efa1ce188ff9ce
fig3-load-paper-grade-20260311a-central_freq10_s42,paper_grade,load_paper_grade_minimal,query_log.csv,results/runs/fig3-load-paper-grade-20260311a-central_freq10_s42/query_log.csv,/private/tmp/fig3-load-paper-grade-20260311a-stage/central_freq10_s42/query_log.csv,220782,2437381e6f3fd3e153e184673c8c69dc6709d0c15a1f8f604b75ce29cd6f3e9b
fig3-load-paper-grade-20260311a-central_freq10_s42,paper_grade,load_paper_grade_minimal,latency_sanity.csv,results/runs/fig3-load-paper-grade-20260311a-central_freq10_s42/latency_sanity.csv,/private/tmp/fig3-load-paper-grade-20260311a-stage/central_freq10_s42/latency_sanity.csv,376,fc35f40214fe4f0b46f9c764124391f68cc1a72fd620d51317a308504a87e51d
fig3-load-paper-grade-20260311a-central_freq10_s42,paper_grade,load_paper_grade_minimal,failure_sanity.csv,results/runs/fig3-load-paper-grade-20260311a-central_freq10_s42/failure_sanity.csv,/private/tmp/fig3-load-paper-grade-20260311a-stage/central_freq10_s42/failure_sanity.csv,246,66a8dd6d79427086f5fa66227f55bdb4e196d5c26a302ccf18ee4c01e983e734
fig3-load-paper-grade-20260311a-central_freq10_s42,paper_grade,load_paper_grade_minimal,source_manifest.json,results/runs/fig3-load-paper-grade-20260311a-central_freq10_s42/source_manifest.json,/private/tmp/fig3-load-paper-grade-20260311a-stage/central_freq10_s42/manifest.json,745,a045c793bfcea2af97ab39fa8c5bea35b8e813b95e03edf677ff3ee342394ffd
fig3-load-paper-grade-20260311a-central_freq10_s42,paper_grade,load_paper_grade_minimal,source_run_manifest.json,results/runs/fig3-load-paper-grade-20260311a-central_freq10_s42/source_run_manifest.json,/private/tmp/fig3-load-paper-grade-20260311a-stage/central_freq10_s42/run_manifest.json,2540,6442e2ba5b98d67dd142252c63bd3e5ed7383db5cf30a226c0aa9e46a7f121fe
fig3-load-paper-grade-20260311a-central_freq20_s42,paper_grade,load_paper_grade_minimal,summary.csv,results/runs/fig3-load-paper-grade-20260311a-central_freq20_s42/summary.csv,/private/tmp/fig3-load-paper-grade-20260311a-stage/central_freq20_s42/summary.csv,542,5e4f9a21bc19f443dc2f40e6d138f3d240ea82292ef5a264b21f3c431ada72f5
fig3-load-paper-grade-20260311a-central_freq20_s42,paper_grade,load_paper_grade_minimal,query_log.csv,results/runs/fig3-load-paper-grade-20260311a-central_freq20_s42/query_log.csv,/private/tmp/fig3-load-paper-grade-20260311a-stage/central_freq20_s42/query_log.csv,276717,3905d84aecdd7e03020b5cc5f29c6b8502f995cdbd4178064174aee48cc66b56
fig3-load-paper-grade-20260311a-central_freq20_s42,paper_grade,load_paper_grade_minimal,latency_sanity.csv,results/runs/fig3-load-paper-grade-20260311a-central_freq20_s42/latency_sanity.csv,/private/tmp/fig3-load-paper-grade-20260311a-stage/central_freq20_s42/latency_sanity.csv,373,6dd29551e1838f0dd8723820a34520f946c471d72a41b82afe9ccb90d3e8438d
fig3-load-paper-grade-20260311a-central_freq20_s42,paper_grade,load_paper_grade_minimal,failure_sanity.csv,results/runs/fig3-load-paper-grade-20260311a-central_freq20_s42/failure_sanity.csv,/private/tmp/fig3-load-paper-grade-20260311a-stage/central_freq20_s42/failure_sanity.csv,246,66a8dd6d79427086f5fa66227f55bdb4e196d5c26a302ccf18ee4c01e983e734
fig3-load-paper-grade-20260311a-central_freq20_s42,paper_grade,load_paper_grade_minimal,source_manifest.json,results/runs/fig3-load-paper-grade-20260311a-central_freq20_s42/source_manifest.json,/private/tmp/fig3-load-paper-grade-20260311a-stage/central_freq20_s42/manifest.json,745,5764d431daf23c9eaa2d3d33aba240ca977d7e9426e5ccf039c622a1b6dcdac3
fig3-load-paper-grade-20260311a-central_freq20_s42,paper_grade,load_paper_grade_minimal,source_run_manifest.json,results/runs/fig3-load-paper-grade-20260311a-central_freq20_s42/source_run_manifest.json,/private/tmp/fig3-load-paper-grade-20260311a-stage/central_freq20_s42/run_manifest.json,2540,ea8d6fed3a605fc5f9cf74a369616bb989930fc4eea8f2ae9033c3de28bf9948
fig3-load-paper-grade-20260311a-central_freq5_s42,paper_grade,load_paper_grade_minimal,summary.csv,results/runs/fig3-load-paper-grade-20260311a-central_freq5_s42/summary.csv,/private/tmp/fig3-load-paper-grade-20260311a-stage/central_freq5_s42/summary.csv,541,dffe107cee1c8d1db64400be4278eeaa182acbd4e49419dcdbc029b5c46ea0a0
fig3-load-paper-grade-20260311a-central_freq5_s42,paper_grade,load_paper_grade_minimal,query_log.csv,results/runs/fig3-load-paper-grade-20260311a-central_freq5_s42/query_log.csv,/private/tmp/fig3-load-paper-grade-20260311a-stage/central_freq5_s42/query_log.csv,121881,335bc4efbc2ae5d2d7c7877b06338ea9002fbec8817105a41bd4b269e3a24fb0
fig3-load-paper-grade-20260311a-central_freq5_s42,paper_grade,load_paper_grade_minimal,latency_sanity.csv,results/runs/fig3-load-paper-grade-20260311a-central_freq5_s42/latency_sanity.csv,/private/tmp/fig3-load-paper-grade-20260311a-stage/central_freq5_s42/latency_sanity.csv,378,f924c7d24f515db2e772bea601e41cc5383b6cfdea96f92dd90dea5bea6e26a6
fig3-load-paper-grade-20260311a-central_freq5_s42,paper_grade,load_paper_grade_minimal,failure_sanity.csv,results/runs/fig3-load-paper-grade-20260311a-central_freq5_s42/failure_sanity.csv,/private/tmp/fig3-load-paper-grade-20260311a-stage/central_freq5_s42/failure_sanity.csv,246,66a8dd6d79427086f5fa66227f55bdb4e196d5c26a302ccf18ee4c01e983e734
fig3-load-paper-grade-20260311a-central_freq5_s42,paper_grade,load_paper_grade_minimal,source_manifest.json,results/runs/fig3-load-paper-grade-20260311a-central_freq5_s42/source_manifest.json,/private/tmp/fig3-load-paper-grade-20260311a-stage/central_freq5_s42/manifest.json,743,f83a95333e8f8634cf448e07d1039b9a8b01dc2a7fcc7dce16a84a3e791dbf6a
fig3-load-paper-grade-20260311a-central_freq5_s42,paper_grade,load_paper_grade_minimal,source_run_manifest.json,results/runs/fig3-load-paper-grade-20260311a-central_freq5_s42/source_run_manifest.json,/private/tmp/fig3-load-paper-grade-20260311a-stage/central_freq5_s42/run_manifest.json,2537,6a405e18f282b6216fc72b287b1a291433f983c1a438d641916662d2fbacdd50
fig3-load-paper-grade-20260311a-flood_freq10_s42,paper_grade,load_paper_grade_minimal,summary.csv,results/runs/fig3-load-paper-grade-20260311a-flood_freq10_s42/summary.csv,/private/tmp/fig3-load-paper-grade-20260311a-stage/flood_freq10_s42/summary.csv,541,e7ea4dee9370761d1188fc99e63fe61cba12c16468c7ea6008adc23d11317fa4
fig3-load-paper-grade-20260311a-flood_freq10_s42,paper_grade,load_paper_grade_minimal,query_log.csv,results/runs/fig3-load-paper-grade-20260311a-flood_freq10_s42/query_log.csv,/private/tmp/fig3-load-paper-grade-20260311a-stage/flood_freq10_s42/query_log.csv,242193,15865e1efe3d73e7b3bbe7387bb284628fd0f72664618386149289ca756ebac1
fig3-load-paper-grade-20260311a-flood_freq10_s42,paper_grade,load_paper_grade_minimal,latency_sanity.csv,results/runs/fig3-load-paper-grade-20260311a-flood_freq10_s42/latency_sanity.csv,/private/tmp/fig3-load-paper-grade-20260311a-stage/flood_freq10_s42/latency_sanity.csv,382,ed0bfa66402d7c2fe95ebf3eb51539afceace4a606dfd7b419cea3311f1e7a58
fig3-load-paper-grade-20260311a-flood_freq10_s42,paper_grade,load_paper_grade_minimal,failure_sanity.csv,results/runs/fig3-load-paper-grade-20260311a-flood_freq10_s42/failure_sanity.csv,/private/tmp/fig3-load-paper-grade-20260311a-stage/flood_freq10_s42/failure_sanity.csv,246,66a8dd6d79427086f5fa66227f55bdb4e196d5c26a302ccf18ee4c01e983e734
fig3-load-paper-grade-20260311a-flood_freq10_s42,paper_grade,load_paper_grade_minimal,source_manifest.json,results/runs/fig3-load-paper-grade-20260311a-flood_freq10_s42/source_manifest.json,/private/tmp/fig3-load-paper-grade-20260311a-stage/flood_freq10_s42/manifest.json,755,7a610418374946d10d70ca6bac67aaf12029c860c1d8f3b0b3ac4df7884f1c8c
fig3-load-paper-grade-20260311a-flood_freq10_s42,paper_grade,load_paper_grade_minimal,source_run_manifest.json,results/runs/fig3-load-paper-grade-20260311a-flood_freq10_s42/source_run_manifest.json,/private/tmp/fig3-load-paper-grade-20260311a-stage/flood_freq10_s42/run_manifest.json,2534,430154f20f37634a76fe0cf98669e5086a1258405ea677c52b68b56d7a452782
fig3-load-paper-grade-20260311a-flood_freq20_s42,paper_grade,load_paper_grade_minimal,summary.csv,results/runs/fig3-load-paper-grade-20260311a-flood_freq20_s42/summary.csv,/private/tmp/fig3-load-paper-grade-20260311a-stage/flood_freq20_s42/summary.csv,541,2b521cfa35b28f46b1863d209eef28b5eb90ff61cce5a3fa8225ccaca19097f3
fig3-load-paper-grade-20260311a-flood_freq20_s42,paper_grade,load_paper_grade_minimal,query_log.csv,results/runs/fig3-load-paper-grade-20260311a-flood_freq20_s42/query_log.csv,/private/tmp/fig3-load-paper-grade-20260311a-stage/flood_freq20_s42/query_log.csv,303471,1d3ce65861791b58695449690a9db4f3a1318fdaa82603df38ab440c64246bdb
fig3-load-paper-grade-20260311a-flood_freq20_s42,paper_grade,load_paper_grade_minimal,latency_sanity.csv,results/runs/fig3-load-paper-grade-20260311a-flood_freq20_s42/latency_sanity.csv,/private/tmp/fig3-load-paper-grade-20260311a-stage/flood_freq20_s42/latency_sanity.csv,382,cb574c28051c6c5720395027a4e6c1b52e5d81c0a3fd11ae48d513daf965ab05
fig3-load-paper-grade-20260311a-flood_freq20_s42,paper_grade,load_paper_grade_minimal,failure_sanity.csv,results/runs/fig3-load-paper-grade-20260311a-flood_freq20_s42/failure_sanity.csv,/private/tmp/fig3-load-paper-grade-20260311a-stage/flood_freq20_s42/failure_sanity.csv,246,66a8dd6d79427086f5fa66227f55bdb4e196d5c26a302ccf18ee4c01e983e734
fig3-load-paper-grade-20260311a-flood_freq20_s42,paper_grade,load_paper_grade_minimal,source_manifest.json,results/runs/fig3-load-paper-grade-20260311a-flood_freq20_s42/source_manifest.json,/private/tmp/fig3-load-paper-grade-20260311a-stage/flood_freq20_s42/manifest.json,755,21dc80ab3f18342a57abc8840b182a8c6681d760a7b5d428f366bb0f864681bd
fig3-load-paper-grade-20260311a-flood_freq20_s42,paper_grade,load_paper_grade_minimal,source_run_manifest.json,results/runs/fig3-load-paper-grade-20260311a-flood_freq20_s42/source_run_manifest.json,/private/tmp/fig3-load-paper-grade-20260311a-stage/flood_freq20_s42/run_manifest.json,2534,16c4daacbf1668f9de7ce107067a1aeeb3865d8ab8c2d0a7d23471144b69be55
fig3-load-paper-grade-20260311a-flood_freq5_s42,paper_grade,load_paper_grade_minimal,summary.csv,results/runs/fig3-load-paper-grade-20260311a-flood_freq5_s42/summary.csv,/private/tmp/fig3-load-paper-grade-20260311a-stage/flood_freq5_s42/summary.csv,541,8b152b22f4083c2b5217fbb95545bff1edb52dfb8bd4a538503f901a2f067b15
fig3-load-paper-grade-20260311a-flood_freq5_s42,paper_grade,load_paper_grade_minimal,query_log.csv,results/runs/fig3-load-paper-grade-20260311a-flood_freq5_s42/query_log.csv,/private/tmp/fig3-load-paper-grade-20260311a-stage/flood_freq5_s42/query_log.csv,132034,c6c6dce59221b8f991f95c2508fd7f03fb26ab809ad731f603fffbd77aaef7c4
fig3-load-paper-grade-20260311a-flood_freq5_s42,paper_grade,load_paper_grade_minimal,latency_sanity.csv,results/runs/fig3-load-paper-grade-20260311a-flood_freq5_s42/latency_sanity.csv,/private/tmp/fig3-load-paper-grade-20260311a-stage/flood_freq5_s42/latency_sanity.csv,380,b1e275cee1af6f5f3d5bf28e47373833686338b65dc05b03cb719a80b7efe3e8
fig3-load-paper-grade-20260311a-flood_freq5_s42,paper_grade,load_paper_grade_minimal,failure_sanity.csv,results/runs/fig3-load-paper-grade-20260311a-flood_freq5_s42/failure_sanity.csv,/private/tmp/fig3-load-paper-grade-20260311a-stage/flood_freq5_s42/failure_sanity.csv,246,66a8dd6d79427086f5fa66227f55bdb4e196d5c26a302ccf18ee4c01e983e734
fig3-load-paper-grade-20260311a-flood_freq5_s42,paper_grade,load_paper_grade_minimal,source_manifest.json,results/runs/fig3-load-paper-grade-20260311a-flood_freq5_s42/source_manifest.json,/private/tmp/fig3-load-paper-grade-20260311a-stage/flood_freq5_s42/manifest.json,753,9dede8e1b1db5ae1675fe4389a648ff0440780c640b45743e125a13d57a6d445
fig3-load-paper-grade-20260311a-flood_freq5_s42,paper_grade,load_paper_grade_minimal,source_run_manifest.json,results/runs/fig3-load-paper-grade-20260311a-flood_freq5_s42/source_run_manifest.json,/private/tmp/fig3-load-paper-grade-20260311a-stage/flood_freq5_s42/run_manifest.json,2531,b2108fa4af53d60686a5dedb1604bcfb1ec2f41c08af28e03b57cea8df760d38
fig3-load-paper-grade-20260311a-iroute_freq10_s42,paper_grade,load_paper_grade_minimal,summary.csv,results/runs/fig3-load-paper-grade-20260311a-iroute_freq10_s42/summary.csv,/private/tmp/fig3-load-paper-grade-20260311a-stage/iroute_freq10_s42/summary.csv,543,33512f8ccd49663cccba82b07530ba1aa6171e97a65e6969becf2dd37bfc9649
fig3-load-paper-grade-20260311a-iroute_freq10_s42,paper_grade,load_paper_grade_minimal,query_log.csv,results/runs/fig3-load-paper-grade-20260311a-iroute_freq10_s42/query_log.csv,/private/tmp/fig3-load-paper-grade-20260311a-stage/iroute_freq10_s42/query_log.csv,279314,9ff7019df8b79783614282c34d9546e173410ff5a19ddc1dd5dd36f278073db9
fig3-load-paper-grade-20260311a-iroute_freq10_s42,paper_grade,load_paper_grade_minimal,latency_sanity.csv,results/runs/fig3-load-paper-grade-20260311a-iroute_freq10_s42/latency_sanity.csv,/private/tmp/fig3-load-paper-grade-20260311a-stage/iroute_freq10_s42/latency_sanity.csv,384,896d84cb7a991d8b8da99499603bc2476a19eef567d65ccd8f2493a3d590591e
fig3-load-paper-grade-20260311a-iroute_freq10_s42,paper_grade,load_paper_grade_minimal,failure_sanity.csv,results/runs/fig3-load-paper-grade-20260311a-iroute_freq10_s42/failure_sanity.csv,/private/tmp/fig3-load-paper-grade-20260311a-stage/iroute_freq10_s42/failure_sanity.csv,246,66a8dd6d79427086f5fa66227f55bdb4e196d5c26a302ccf18ee4c01e983e734
fig3-load-paper-grade-20260311a-iroute_freq10_s42,paper_grade,load_paper_grade_minimal,source_manifest.json,results/runs/fig3-load-paper-grade-20260311a-iroute_freq10_s42/source_manifest.json,/private/tmp/fig3-load-paper-grade-20260311a-stage/iroute_freq10_s42/manifest.json,756,d4f1a9962db667710733e38efc88fe41e66989f64d84ec53629caf5cc1b292e9
fig3-load-paper-grade-20260311a-iroute_freq10_s42,paper_grade,load_paper_grade_minimal,source_run_manifest.json,results/runs/fig3-load-paper-grade-20260311a-iroute_freq10_s42/source_run_manifest.json,/private/tmp/fig3-load-paper-grade-20260311a-stage/iroute_freq10_s42/run_manifest.json,2537,9e14941dad704eae584020edc8862e0f1f13dcbbe058d028c1e7e150d07c814d
fig3-load-paper-grade-20260311a-iroute_freq20_s42,paper_grade,load_paper_grade_minimal,summary.csv,results/runs/fig3-load-paper-grade-20260311a-iroute_freq20_s42/summary.csv,/private/tmp/fig3-load-paper-grade-20260311a-stage/iroute_freq20_s42/summary.csv,543,23a7cf633e793c3d62d8fb8e3b92eca4fb2bd31a4603958e29f17e7e7eb6c576
fig3-load-paper-grade-20260311a-iroute_freq20_s42,paper_grade,load_paper_grade_minimal,query_log.csv,results/runs/fig3-load-paper-grade-20260311a-iroute_freq20_s42/query_log.csv,/private/tmp/fig3-load-paper-grade-20260311a-stage/iroute_freq20_s42/query_log.csv,350183,009dda6bc20bce6e8d7dd216a34c8ae8f3dfb6bebc47eeb205486bf377b0e7c4
fig3-load-paper-grade-20260311a-iroute_freq20_s42,paper_grade,load_paper_grade_minimal,latency_sanity.csv,results/runs/fig3-load-paper-grade-20260311a-iroute_freq20_s42/latency_sanity.csv,/private/tmp/fig3-load-paper-grade-20260311a-stage/iroute_freq20_s42/latency_sanity.csv,390,d7c4df6b4860961d96fc6e00312841bb2f3ebc1c46cce3305fe60cb6f2ed35f2
fig3-load-paper-grade-20260311a-iroute_freq20_s42,paper_grade,load_paper_grade_minimal,failure_sanity.csv,results/runs/fig3-load-paper-grade-20260311a-iroute_freq20_s42/failure_sanity.csv,/private/tmp/fig3-load-paper-grade-20260311a-stage/iroute_freq20_s42/failure_sanity.csv,246,66a8dd6d79427086f5fa66227f55bdb4e196d5c26a302ccf18ee4c01e983e734
fig3-load-paper-grade-20260311a-iroute_freq20_s42,paper_grade,load_paper_grade_minimal,source_manifest.json,results/runs/fig3-load-paper-grade-20260311a-iroute_freq20_s42/source_manifest.json,/private/tmp/fig3-load-paper-grade-20260311a-stage/iroute_freq20_s42/manifest.json,757,49a6a33e6a024b9ba6bbe68623b14bfa34f3dd392b71eb481704714db6007bc9
fig3-load-paper-grade-20260311a-iroute_freq20_s42,paper_grade,load_paper_grade_minimal,source_run_manifest.json,results/runs/fig3-load-paper-grade-20260311a-iroute_freq20_s42/source_run_manifest.json,/private/tmp/fig3-load-paper-grade-20260311a-stage/iroute_freq20_s42/run_manifest.json,2537,2d23866271957677a95f9375b904c951be137b6b3decb19de98a7ea729532288
fig3-load-paper-grade-20260311a-iroute_freq5_s42,paper_grade,load_paper_grade_minimal,summary.csv,results/runs/fig3-load-paper-grade-20260311a-iroute_freq5_s42/summary.csv,/private/tmp/fig3-load-paper-grade-20260311a-stage/iroute_freq5_s42/summary.csv,543,e92a917bcd6621d02601c9bb40ce909d4ac0577ae0276ea9d8ea4962b4dd43be
fig3-load-paper-grade-20260311a-iroute_freq5_s42,paper_grade,load_paper_grade_minimal,query_log.csv,results/runs/fig3-load-paper-grade-20260311a-iroute_freq5_s42/query_log.csv,/private/tmp/fig3-load-paper-grade-20260311a-stage/iroute_freq5_s42/query_log.csv,150833,460568175d0e2d60f1e6db3c43ec6cd1289d63f396f8855bb0b5cb46acadf2de
fig3-load-paper-grade-20260311a-iroute_freq5_s42,paper_grade,load_paper_grade_minimal,latency_sanity.csv,results/runs/fig3-load-paper-grade-20260311a-iroute_freq5_s42/latency_sanity.csv,/private/tmp/fig3-load-paper-grade-20260311a-stage/iroute_freq5_s42/latency_sanity.csv,381,716edc228b6cec1c75e247c9f32aaebb1a078230a0f01d103165b61b11e0ae03
fig3-load-paper-grade-20260311a-iroute_freq5_s42,paper_grade,load_paper_grade_minimal,failure_sanity.csv,results/runs/fig3-load-paper-grade-20260311a-iroute_freq5_s42/failure_sanity.csv,/private/tmp/fig3-load-paper-grade-20260311a-stage/iroute_freq5_s42/failure_sanity.csv,246,66a8dd6d79427086f5fa66227f55bdb4e196d5c26a302ccf18ee4c01e983e734
fig3-load-paper-grade-20260311a-iroute_freq5_s42,paper_grade,load_paper_grade_minimal,source_manifest.json,results/runs/fig3-load-paper-grade-20260311a-iroute_freq5_s42/source_manifest.json,/private/tmp/fig3-load-paper-grade-20260311a-stage/iroute_freq5_s42/manifest.json,754,214657e600b1e829b5f2d174a2277db58b9d0f9bc9a02d300ede59f1bb8b2efa
fig3-load-paper-grade-20260311a-iroute_freq5_s42,paper_grade,load_paper_grade_minimal,source_run_manifest.json,results/runs/fig3-load-paper-grade-20260311a-iroute_freq5_s42/source_run_manifest.json,/private/tmp/fig3-load-paper-grade-20260311a-stage/iroute_freq5_s42/run_manifest.json,2534,655d921a69ed1bb18bbd41c87aeaad3f2ea62ea6cd7b8e913cb704524d06a0ca
fig3-load-paper-grade-20260311a-tag_freq10_s42,paper_grade,load_paper_grade_minimal,summary.csv,results/runs/fig3-load-paper-grade-20260311a-tag_freq10_s42/summary.csv,/private/tmp/fig3-load-paper-grade-20260311a-stage/tag_freq10_s42/summary.csv,544,d5ab3acd431bd03ecb6e1ffac10b8761ae9f8ac6b9939f687cedfad2a62aab48
fig3-load-paper-grade-20260311a-tag_freq10_s42,paper_grade,load_paper_grade_minimal,query_log.csv,results/runs/fig3-load-paper-grade-20260311a-tag_freq10_s42/query_log.csv,/private/tmp/fig3-load-paper-grade-20260311a-stage/tag_freq10_s42/query_log.csv,233601,0db7b33d0f575a4729a72d44cab068e4c6c5d77454b19c7dff93ad1f49f811ed
fig3-load-paper-grade-20260311a-tag_freq10_s42,paper_grade,load_paper_grade_minimal,latency_sanity.csv,results/runs/fig3-load-paper-grade-20260311a-tag_freq10_s42/latency_sanity.csv,/private/tmp/fig3-load-paper-grade-20260311a-stage/tag_freq10_s42/latency_sanity.csv,378,519f711963b858ae1cfc907da6aae5f2bbffb76ac0ece30b9f2d894dbf84bd7e
fig3-load-paper-grade-20260311a-tag_freq10_s42,paper_grade,load_paper_grade_minimal,failure_sanity.csv,results/runs/fig3-load-paper-grade-20260311a-tag_freq10_s42/failure_sanity.csv,/private/tmp/fig3-load-paper-grade-20260311a-stage/tag_freq10_s42/failure_sanity.csv,246,66a8dd6d79427086f5fa66227f55bdb4e196d5c26a302ccf18ee4c01e983e734
fig3-load-paper-grade-20260311a-tag_freq10_s42,paper_grade,load_paper_grade_minimal,source_manifest.json,results/runs/fig3-load-paper-grade-20260311a-tag_freq10_s42/source_manifest.json,/private/tmp/fig3-load-paper-grade-20260311a-stage/tag_freq10_s42/manifest.json,752,93ea28011ea55ad7f83eb44ab9f327d5129644d76cdb599aff06142491238723
fig3-load-paper-grade-20260311a-tag_freq10_s42,paper_grade,load_paper_grade_minimal,source_run_manifest.json,results/runs/fig3-load-paper-grade-20260311a-tag_freq10_s42/source_run_manifest.json,/private/tmp/fig3-load-paper-grade-20260311a-stage/tag_freq10_s42/run_manifest.json,2528,b2d36e022a85a387ce38be8bfacddfe989cb2f9bb4ac76df4aed589482c03443
fig3-load-paper-grade-20260311a-tag_freq20_s42,paper_grade,load_paper_grade_minimal,summary.csv,results/runs/fig3-load-paper-grade-20260311a-tag_freq20_s42/summary.csv,/private/tmp/fig3-load-paper-grade-20260311a-stage/tag_freq20_s42/summary.csv,544,a29dca861c3824ae91bf7934a3af112e1ea1c522910a1de64ca458e6167cb15e
fig3-load-paper-grade-20260311a-tag_freq20_s42,paper_grade,load_paper_grade_minimal,query_log.csv,results/runs/fig3-load-paper-grade-20260311a-tag_freq20_s42/query_log.csv,/private/tmp/fig3-load-paper-grade-20260311a-stage/tag_freq20_s42/query_log.csv,270257,2e9a8f038213c97ea3fa6be04799ebace6045520e5a184388d98ea7863f978ae
fig3-load-paper-grade-20260311a-tag_freq20_s42,paper_grade,load_paper_grade_minimal,latency_sanity.csv,results/runs/fig3-load-paper-grade-20260311a-tag_freq20_s42/latency_sanity.csv,/private/tmp/fig3-load-paper-grade-20260311a-stage/tag_freq20_s42/latency_sanity.csv,378,cd90055ab09da8f248d0f36bb1c5475ea89cb2017f1b5bf6d39f255b9d163f3e
fig3-load-paper-grade-20260311a-tag_freq20_s42,paper_grade,load_paper_grade_minimal,failure_sanity.csv,results/runs/fig3-load-paper-grade-20260311a-tag_freq20_s42/failure_sanity.csv,/private/tmp/fig3-load-paper-grade-20260311a-stage/tag_freq20_s42/failure_sanity.csv,246,66a8dd6d79427086f5fa66227f55bdb4e196d5c26a302ccf18ee4c01e983e734
fig3-load-paper-grade-20260311a-tag_freq20_s42,paper_grade,load_paper_grade_minimal,source_manifest.json,results/runs/fig3-load-paper-grade-20260311a-tag_freq20_s42/source_manifest.json,/private/tmp/fig3-load-paper-grade-20260311a-stage/tag_freq20_s42/manifest.json,752,c430c6414b35b3633eb1e7928d42200f55787724776464d785d7c69fc0e9c320
fig3-load-paper-grade-20260311a-tag_freq20_s42,paper_grade,load_paper_grade_minimal,source_run_manifest.json,results/runs/fig3-load-paper-grade-20260311a-tag_freq20_s42/source_run_manifest.json,/private/tmp/fig3-load-paper-grade-20260311a-stage/tag_freq20_s42/run_manifest.json,2528,71c04f45590e97b56374416c81db0771c261ab5d841e6e7b20843a105fe576ba
fig3-load-paper-grade-20260311a-tag_freq5_s42,paper_grade,load_paper_grade_minimal,summary.csv,results/runs/fig3-load-paper-grade-20260311a-tag_freq5_s42/summary.csv,/private/tmp/fig3-load-paper-grade-20260311a-stage/tag_freq5_s42/summary.csv,544,7b98266b78d23a5e9a25132478c31fb97bf525e49fe30ee8517dbf505cacc441
fig3-load-paper-grade-20260311a-tag_freq5_s42,paper_grade,load_paper_grade_minimal,query_log.csv,results/runs/fig3-load-paper-grade-20260311a-tag_freq5_s42/query_log.csv,/private/tmp/fig3-load-paper-grade-20260311a-stage/tag_freq5_s42/query_log.csv,128065,e226d9c83fd4090764547f513f9369b80aca8c58883787f3a78cf1ebab839fd4
fig3-load-paper-grade-20260311a-tag_freq5_s42,paper_grade,load_paper_grade_minimal,latency_sanity.csv,results/runs/fig3-load-paper-grade-20260311a-tag_freq5_s42/latency_sanity.csv,/private/tmp/fig3-load-paper-grade-20260311a-stage/tag_freq5_s42/latency_sanity.csv,376,d9acf6041664e9f6fb407653327c0bae516a8267803ed016f0532c25816123d3
fig3-load-paper-grade-20260311a-tag_freq5_s42,paper_grade,load_paper_grade_minimal,failure_sanity.csv,results/runs/fig3-load-paper-grade-20260311a-tag_freq5_s42/failure_sanity.csv,/private/tmp/fig3-load-paper-grade-20260311a-stage/tag_freq5_s42/failure_sanity.csv,246,66a8dd6d79427086f5fa66227f55bdb4e196d5c26a302ccf18ee4c01e983e734
fig3-load-paper-grade-20260311a-tag_freq5_s42,paper_grade,load_paper_grade_minimal,source_manifest.json,results/runs/fig3-load-paper-grade-20260311a-tag_freq5_s42/source_manifest.json,/private/tmp/fig3-load-paper-grade-20260311a-stage/tag_freq5_s42/manifest.json,750,5ef5b0652496795c4ac3534982722213342cd297dcd19fe750ac880e0bfdf100
fig3-load-paper-grade-20260311a-tag_freq5_s42,paper_grade,load_paper_grade_minimal,source_run_manifest.json,results/runs/fig3-load-paper-grade-20260311a-tag_freq5_s42/source_run_manifest.json,/private/tmp/fig3-load-paper-grade-20260311a-stage/tag_freq5_s42/run_manifest.json,2525,b044ea66deda8826412d76b8c8fd4f142496311d5e45fb8becf52bb334d6f27e
fig4-scaling-paper-grade-20260311b-central_d16_s42,paper_grade,scaling_paper_grade_minimal,summary.csv,results/runs/fig4-scaling-paper-grade-20260311b-central_d16_s42/summary.csv,/private/tmp/fig4-scaling-paper-grade-20260311b-stage/central_d16_s42/summary.csv,537,c16eaa4326ed58ffb42e5af89f1152f180590e7f49fe094e6c93d4ab210ed6ff
fig4-scaling-paper-grade-20260311b-central_d16_s42,paper_grade,scaling_paper_grade_minimal,query_log.csv,results/runs/fig4-scaling-paper-grade-20260311b-central_d16_s42/query_log.csv,/private/tmp/fig4-scaling-paper-grade-20260311b-stage/central_d16_s42/query_log.csv,17486,08ee69689973c9884e4f5cdf5ab9801a9c99b71a2a45736f71e4383bdb231292
fig4-scaling-paper-grade-20260311b-central_d16_s42,paper_grade,scaling_paper_grade_minimal,latency_sanity.csv,results/runs/fig4-scaling-paper-grade-20260311b-central_d16_s42/latency_sanity.csv,/private/tmp/fig4-scaling-paper-grade-20260311b-stage/central_d16_s42/latency_sanity.csv,366,a07846ced156ee570398803f07682491988f09520f12956835472502eac7867c
fig4-scaling-paper-grade-20260311b-central_d16_s42,paper_grade,scaling_paper_grade_minimal,failure_sanity.csv,results/runs/fig4-scaling-paper-grade-20260311b-central_d16_s42/failure_sanity.csv,/private/tmp/fig4-scaling-paper-grade-20260311b-stage/central_d16_s42/failure_sanity.csv,246,66a8dd6d79427086f5fa66227f55bdb4e196d5c26a302ccf18ee4c01e983e734
fig4-scaling-paper-grade-20260311b-central_d16_s42,paper_grade,scaling_paper_grade_minimal,source_manifest.json,results/runs/fig4-scaling-paper-grade-20260311b-central_d16_s42/source_manifest.json,/private/tmp/fig4-scaling-paper-grade-20260311b-stage/central_d16_s42/manifest.json,739,2784fef3e951c0bf4d60ef8e63106b32c572862b6fb993b3897e6e8079a4d41f
fig4-scaling-paper-grade-20260311b-central_d16_s42,paper_grade,scaling_paper_grade_minimal,source_run_manifest.json,results/runs/fig4-scaling-paper-grade-20260311b-central_d16_s42/source_run_manifest.json,/private/tmp/fig4-scaling-paper-grade-20260311b-stage/central_d16_s42/run_manifest.json,2106,2030a858a6b8f4faa928a9395b38c0487425fd859fa9f22371e1b2eebdce733f
fig4-scaling-paper-grade-20260311b-central_d8_s42,paper_grade,scaling_paper_grade_minimal,summary.csv,results/runs/fig4-scaling-paper-grade-20260311b-central_d8_s42/summary.csv,/private/tmp/fig4-scaling-paper-grade-20260311b-stage/central_d8_s42/summary.csv,537,2647f86c38c3a218cfd20997f2d19b494da3c8a36371cfb8fc3f1ca67f9674aa
fig4-scaling-paper-grade-20260311b-central_d8_s42,paper_grade,scaling_paper_grade_minimal,query_log.csv,results/runs/fig4-scaling-paper-grade-20260311b-central_d8_s42/query_log.csv,/private/tmp/fig4-scaling-paper-grade-20260311b-stage/central_d8_s42/query_log.csv,17488,1f681aaacbeb3f0e46ce140034f8f26c8186feb5770667df4422afdc8dde49c5
fig4-scaling-paper-grade-20260311b-central_d8_s42,paper_grade,scaling_paper_grade_minimal,latency_sanity.csv,results/runs/fig4-scaling-paper-grade-20260311b-central_d8_s42/latency_sanity.csv,/private/tmp/fig4-scaling-paper-grade-20260311b-stage/central_d8_s42/latency_sanity.csv,367,0c3d94052edf81c38d9ace0fbac63f8dac430aa861b975d582327814b33c8294
fig4-scaling-paper-grade-20260311b-central_d8_s42,paper_grade,scaling_paper_grade_minimal,failure_sanity.csv,results/runs/fig4-scaling-paper-grade-20260311b-central_d8_s42/failure_sanity.csv,/private/tmp/fig4-scaling-paper-grade-20260311b-stage/central_d8_s42/failure_sanity.csv,246,66a8dd6d79427086f5fa66227f55bdb4e196d5c26a302ccf18ee4c01e983e734
fig4-scaling-paper-grade-20260311b-central_d8_s42,paper_grade,scaling_paper_grade_minimal,source_manifest.json,results/runs/fig4-scaling-paper-grade-20260311b-central_d8_s42/source_manifest.json,/private/tmp/fig4-scaling-paper-grade-20260311b-stage/central_d8_s42/manifest.json,736,075db75ef73ebd2a4892d6ecce5adb3f73d582e67b96824a52ebed1512c3ac36
fig4-scaling-paper-grade-20260311b-central_d8_s42,paper_grade,scaling_paper_grade_minimal,source_run_manifest.json,results/runs/fig4-scaling-paper-grade-20260311b-central_d8_s42/source_run_manifest.json,/private/tmp/fig4-scaling-paper-grade-20260311b-stage/central_d8_s42/run_manifest.json,2103,b8fd9eea43440c116cab39da60e246921c8627fe16c968bea21d3db6d055c1b4
fig4-scaling-paper-grade-20260311b-flood_d16_s42,paper_grade,scaling_paper_grade_minimal,summary.csv,results/runs/fig4-scaling-paper-grade-20260311b-flood_d16_s42/summary.csv,/private/tmp/fig4-scaling-paper-grade-20260311b-stage/flood_d16_s42/summary.csv,536,28b4d6ad69fe48b70631bc6812a9b99652d63f7817b5ee17f075500f7e452f00
fig4-scaling-paper-grade-20260311b-flood_d16_s42,paper_grade,scaling_paper_grade_minimal,query_log.csv,results/runs/fig4-scaling-paper-grade-20260311b-flood_d16_s42/query_log.csv,/private/tmp/fig4-scaling-paper-grade-20260311b-stage/flood_d16_s42/query_log.csv,18069,18877860b9165ff400e796adcada57133591c385269ab236c78ba70f4f7010f3
fig4-scaling-paper-grade-20260311b-flood_d16_s42,paper_grade,scaling_paper_grade_minimal,latency_sanity.csv,results/runs/fig4-scaling-paper-grade-20260311b-flood_d16_s42/latency_sanity.csv,/private/tmp/fig4-scaling-paper-grade-20260311b-stage/flood_d16_s42/latency_sanity.csv,374,da3f65afc39e53fbdb4642d653ab35ecabdf41122f50a53497235cf72acf2a84
fig4-scaling-paper-grade-20260311b-flood_d16_s42,paper_grade,scaling_paper_grade_minimal,failure_sanity.csv,results/runs/fig4-scaling-paper-grade-20260311b-flood_d16_s42/failure_sanity.csv,/private/tmp/fig4-scaling-paper-grade-20260311b-stage/flood_d16_s42/failure_sanity.csv,246,66a8dd6d79427086f5fa66227f55bdb4e196d5c26a302ccf18ee4c01e983e734
fig4-scaling-paper-grade-20260311b-flood_d16_s42,paper_grade,scaling_paper_grade_minimal,source_manifest.json,results/runs/fig4-scaling-paper-grade-20260311b-flood_d16_s42/source_manifest.json,/private/tmp/fig4-scaling-paper-grade-20260311b-stage/flood_d16_s42/manifest.json,751,9826d3b3fb6ebf425bb10c4b05a1d4ecd08d55c39c6c0577470720cea5f2d70d
fig4-scaling-paper-grade-20260311b-flood_d16_s42,paper_grade,scaling_paper_grade_minimal,source_run_manifest.json,results/runs/fig4-scaling-paper-grade-20260311b-flood_d16_s42/source_run_manifest.json,/private/tmp/fig4-scaling-paper-grade-20260311b-stage/flood_d16_s42/run_manifest.json,2100,89286d20b9ebb3305e5960a700d708c5672ca8bcf7a47d4461a5cb58497b7cbc
fig4-scaling-paper-grade-20260311b-flood_d8_s42,paper_grade,scaling_paper_grade_minimal,summary.csv,results/runs/fig4-scaling-paper-grade-20260311b-flood_d8_s42/summary.csv,/private/tmp/fig4-scaling-paper-grade-20260311b-stage/flood_d8_s42/summary.csv,536,7e946f882859df9fe31849092943758f099833b860e8dfc29a30c11b7fef0830
fig4-scaling-paper-grade-20260311b-flood_d8_s42,paper_grade,scaling_paper_grade_minimal,query_log.csv,results/runs/fig4-scaling-paper-grade-20260311b-flood_d8_s42/query_log.csv,/private/tmp/fig4-scaling-paper-grade-20260311b-stage/flood_d8_s42/query_log.csv,18733,f587937ec5747263089cb54233c920b3170f81c453cecdeb138c3df8331469d5
fig4-scaling-paper-grade-20260311b-flood_d8_s42,paper_grade,scaling_paper_grade_minimal,latency_sanity.csv,results/runs/fig4-scaling-paper-grade-20260311b-flood_d8_s42/latency_sanity.csv,/private/tmp/fig4-scaling-paper-grade-20260311b-stage/flood_d8_s42/latency_sanity.csv,374,e07a8a58326180233401ced1112dd11dc21fba2d36cb655f6f3c645a77fdd433
fig4-scaling-paper-grade-20260311b-flood_d8_s42,paper_grade,scaling_paper_grade_minimal,failure_sanity.csv,results/runs/fig4-scaling-paper-grade-20260311b-flood_d8_s42/failure_sanity.csv,/private/tmp/fig4-scaling-paper-grade-20260311b-stage/flood_d8_s42/failure_sanity.csv,246,66a8dd6d79427086f5fa66227f55bdb4e196d5c26a302ccf18ee4c01e983e734
fig4-scaling-paper-grade-20260311b-flood_d8_s42,paper_grade,scaling_paper_grade_minimal,source_manifest.json,results/runs/fig4-scaling-paper-grade-20260311b-flood_d8_s42/source_manifest.json,/private/tmp/fig4-scaling-paper-grade-20260311b-stage/flood_d8_s42/manifest.json,748,d8be897cab8ea255f6dd991facb9e44e75ef290b3b8ab4a0895b3a7ed775e944
fig4-scaling-paper-grade-20260311b-flood_d8_s42,paper_grade,scaling_paper_grade_minimal,source_run_manifest.json,results/runs/fig4-scaling-paper-grade-20260311b-flood_d8_s42/source_run_manifest.json,/private/tmp/fig4-scaling-paper-grade-20260311b-stage/flood_d8_s42/run_manifest.json,2097,00607d97ca69c10c30d71de50622f64728c77a5eecd4b1b3999b24dfd54c0b8c
fig4-scaling-paper-grade-20260311b-iroute_d16_s42,paper_grade,scaling_paper_grade_minimal,summary.csv,results/runs/fig4-scaling-paper-grade-20260311b-iroute_d16_s42/summary.csv,/private/tmp/fig4-scaling-paper-grade-20260311b-stage/iroute_d16_s42/summary.csv,538,ff50ea89680ccd27eb54dd4d7ac8f8b70a60ba7b75b68760d8f7c3b9ae34c530
fig4-scaling-paper-grade-20260311b-iroute_d16_s42,paper_grade,scaling_paper_grade_minimal,query_log.csv,results/runs/fig4-scaling-paper-grade-20260311b-iroute_d16_s42/query_log.csv,/private/tmp/fig4-scaling-paper-grade-20260311b-stage/iroute_d16_s42/query_log.csv,22012,e1dded4cadd35aad76cd7c872bb1aae32644cf0d8eee4124b62fa0eb69560558
fig4-scaling-paper-grade-20260311b-iroute_d16_s42,paper_grade,scaling_paper_grade_minimal,latency_sanity.csv,results/runs/fig4-scaling-paper-grade-20260311b-iroute_d16_s42/latency_sanity.csv,/private/tmp/fig4-scaling-paper-grade-20260311b-stage/iroute_d16_s42/latency_sanity.csv,375,0adad4cde5133072057ed2c3169d03803d98ecd6c857f12c2a819d830cb84440
fig4-scaling-paper-grade-20260311b-iroute_d16_s42,paper_grade,scaling_paper_grade_minimal,failure_sanity.csv,results/runs/fig4-scaling-paper-grade-20260311b-iroute_d16_s42/failure_sanity.csv,/private/tmp/fig4-scaling-paper-grade-20260311b-stage/iroute_d16_s42/failure_sanity.csv,246,66a8dd6d79427086f5fa66227f55bdb4e196d5c26a302ccf18ee4c01e983e734
fig4-scaling-paper-grade-20260311b-iroute_d16_s42,paper_grade,scaling_paper_grade_minimal,source_manifest.json,results/runs/fig4-scaling-paper-grade-20260311b-iroute_d16_s42/source_manifest.json,/private/tmp/fig4-scaling-paper-grade-20260311b-stage/iroute_d16_s42/manifest.json,751,3ad9366ce11be494a9cbe2086692ce310db4a27afb217cc9222da5b75dcb5ec9
fig4-scaling-paper-grade-20260311b-iroute_d16_s42,paper_grade,scaling_paper_grade_minimal,source_run_manifest.json,results/runs/fig4-scaling-paper-grade-20260311b-iroute_d16_s42/source_run_manifest.json,/private/tmp/fig4-scaling-paper-grade-20260311b-stage/iroute_d16_s42/run_manifest.json,2103,71baba141c5957288bae287906919c2e23e39f1d86d8aa5eb7c8831919f4cafb
fig4-scaling-paper-grade-20260311b-iroute_d8_s42,paper_grade,scaling_paper_grade_minimal,summary.csv,results/runs/fig4-scaling-paper-grade-20260311b-iroute_d8_s42/summary.csv,/private/tmp/fig4-scaling-paper-grade-20260311b-stage/iroute_d8_s42/summary.csv,538,8b90a3b2cae58c7487ffcd4a6e1931840f89518788d992d2f463bd3b4addcb3e
fig4-scaling-paper-grade-20260311b-iroute_d8_s42,paper_grade,scaling_paper_grade_minimal,query_log.csv,results/runs/fig4-scaling-paper-grade-20260311b-iroute_d8_s42/query_log.csv,/private/tmp/fig4-scaling-paper-grade-20260311b-stage/iroute_d8_s42/query_log.csv,21979,eb3f1446fa6e1d2ba070846b01966b4651b3bb13da7d0bcb019856a17d6d37c8
fig4-scaling-paper-grade-20260311b-iroute_d8_s42,paper_grade,scaling_paper_grade_minimal,latency_sanity.csv,results/runs/fig4-scaling-paper-grade-20260311b-iroute_d8_s42/latency_sanity.csv,/private/tmp/fig4-scaling-paper-grade-20260311b-stage/iroute_d8_s42/latency_sanity.csv,375,02da051ac5dccd80d075c3e4184852b01643401db79e94c5eeea70378264ed4a
fig4-scaling-paper-grade-20260311b-iroute_d8_s42,paper_grade,scaling_paper_grade_minimal,failure_sanity.csv,results/runs/fig4-scaling-paper-grade-20260311b-iroute_d8_s42/failure_sanity.csv,/private/tmp/fig4-scaling-paper-grade-20260311b-stage/iroute_d8_s42/failure_sanity.csv,246,66a8dd6d79427086f5fa66227f55bdb4e196d5c26a302ccf18ee4c01e983e734
fig4-scaling-paper-grade-20260311b-iroute_d8_s42,paper_grade,scaling_paper_grade_minimal,source_manifest.json,results/runs/fig4-scaling-paper-grade-20260311b-iroute_d8_s42/source_manifest.json,/private/tmp/fig4-scaling-paper-grade-20260311b-stage/iroute_d8_s42/manifest.json,750,61ed3635b541cc7490b1d96e669622b21e087603f53f751bfe55f149a658628d
fig4-scaling-paper-grade-20260311b-iroute_d8_s42,paper_grade,scaling_paper_grade_minimal,source_run_manifest.json,results/runs/fig4-scaling-paper-grade-20260311b-iroute_d8_s42/source_run_manifest.json,/private/tmp/fig4-scaling-paper-grade-20260311b-stage/iroute_d8_s42/run_manifest.json,2100,1d1cb0ca749afa1b3fa20f65b88b38ac82ee9cdb479418a4f9b9173235282a1d
fig4-scaling-paper-grade-20260311b-tag_d16_s42,paper_grade,scaling_paper_grade_minimal,summary.csv,results/runs/fig4-scaling-paper-grade-20260311b-tag_d16_s42/summary.csv,/private/tmp/fig4-scaling-paper-grade-20260311b-stage/tag_d16_s42/summary.csv,536,38f61531387e506b41ff183a1fee93c377b94c25d8423e5338119732940cac33
fig4-scaling-paper-grade-20260311b-tag_d16_s42,paper_grade,scaling_paper_grade_minimal,query_log.csv,results/runs/fig4-scaling-paper-grade-20260311b-tag_d16_s42/query_log.csv,/private/tmp/fig4-scaling-paper-grade-20260311b-stage/tag_d16_s42/query_log.csv,15855,08f579bafe404da15c69364045b6a98732a04cd9e4e4c2f163bc4f78114ae4d6
fig4-scaling-paper-grade-20260311b-tag_d16_s42,paper_grade,scaling_paper_grade_minimal,latency_sanity.csv,results/runs/fig4-scaling-paper-grade-20260311b-tag_d16_s42/latency_sanity.csv,/private/tmp/fig4-scaling-paper-grade-20260311b-stage/tag_d16_s42/latency_sanity.csv,275,4476cb290bd8e4314b5c54e5b8a7d2b87fc8a22a3a60ae95982861f4697da3aa
fig4-scaling-paper-grade-20260311b-tag_d16_s42,paper_grade,scaling_paper_grade_minimal,failure_sanity.csv,results/runs/fig4-scaling-paper-grade-20260311b-tag_d16_s42/failure_sanity.csv,/private/tmp/fig4-scaling-paper-grade-20260311b-stage/tag_d16_s42/failure_sanity.csv,246,66a8dd6d79427086f5fa66227f55bdb4e196d5c26a302ccf18ee4c01e983e734
fig4-scaling-paper-grade-20260311b-tag_d16_s42,paper_grade,scaling_paper_grade_minimal,source_manifest.json,results/runs/fig4-scaling-paper-grade-20260311b-tag_d16_s42/source_manifest.json,/private/tmp/fig4-scaling-paper-grade-20260311b-stage/tag_d16_s42/manifest.json,720,53ad11fb93e69e47eb69a89e47ad433defc2356d91678fe1ed5800a3a1460d27
fig4-scaling-paper-grade-20260311b-tag_d16_s42,paper_grade,scaling_paper_grade_minimal,source_run_manifest.json,results/runs/fig4-scaling-paper-grade-20260311b-tag_d16_s42/source_run_manifest.json,/private/tmp/fig4-scaling-paper-grade-20260311b-stage/tag_d16_s42/run_manifest.json,2094,b1f897e1caee4bcfa60da8795e7509f6403e54b40b051fdca847b00dd8a87906
fig4-scaling-paper-grade-20260311b-tag_d8_s42,paper_grade,scaling_paper_grade_minimal,summary.csv,results/runs/fig4-scaling-paper-grade-20260311b-tag_d8_s42/summary.csv,/private/tmp/fig4-scaling-paper-grade-20260311b-stage/tag_d8_s42/summary.csv,536,91dab5276dc657276e31a920e39df735d89a843be8f2abd37efbdb6ab9fceeb3
fig4-scaling-paper-grade-20260311b-tag_d8_s42,paper_grade,scaling_paper_grade_minimal,query_log.csv,results/runs/fig4-scaling-paper-grade-20260311b-tag_d8_s42/query_log.csv,/private/tmp/fig4-scaling-paper-grade-20260311b-stage/tag_d8_s42/query_log.csv,15855,08f579bafe404da15c69364045b6a98732a04cd9e4e4c2f163bc4f78114ae4d6
fig4-scaling-paper-grade-20260311b-tag_d8_s42,paper_grade,scaling_paper_grade_minimal,latency_sanity.csv,results/runs/fig4-scaling-paper-grade-20260311b-tag_d8_s42/latency_sanity.csv,/private/tmp/fig4-scaling-paper-grade-20260311b-stage/tag_d8_s42/latency_sanity.csv,275,4476cb290bd8e4314b5c54e5b8a7d2b87fc8a22a3a60ae95982861f4697da3aa
fig4-scaling-paper-grade-20260311b-tag_d8_s42,paper_grade,scaling_paper_grade_minimal,failure_sanity.csv,results/runs/fig4-scaling-paper-grade-20260311b-tag_d8_s42/failure_sanity.csv,/private/tmp/fig4-scaling-paper-grade-20260311b-stage/tag_d8_s42/failure_sanity.csv,246,66a8dd6d79427086f5fa66227f55bdb4e196d5c26a302ccf18ee4c01e983e734
fig4-scaling-paper-grade-20260311b-tag_d8_s42,paper_grade,scaling_paper_grade_minimal,source_manifest.json,results/runs/fig4-scaling-paper-grade-20260311b-tag_d8_s42/source_manifest.json,/private/tmp/fig4-scaling-paper-grade-20260311b-stage/tag_d8_s42/manifest.json,718,8722262e7e1af08edf8e20bc58fcefccda4901e76f177388bef31acbefdf8ea0
fig4-scaling-paper-grade-20260311b-tag_d8_s42,paper_grade,scaling_paper_grade_minimal,source_run_manifest.json,results/runs/fig4-scaling-paper-grade-20260311b-tag_d8_s42/source_run_manifest.json,/private/tmp/fig4-scaling-paper-grade-20260311b-stage/tag_d8_s42/run_manifest.json,2091,bda05cc4146a9e576325130d4cbf1086c0bbbce9324d06b2700fb6651546ec53
fig5-failure-paper-grade-20260311c-central-churn-s42,paper_grade,failure_paper_grade_minimal,summary.csv,results/runs/fig5-failure-paper-grade-20260311c-central-churn-s42/summary.csv,/private/tmp/fig5-failure-paper-grade-20260311c-stage/central-churn-s42/summary.csv,537,692325828d5d9529d6ce953091952a138907a175355f9ad3125c36b0d40ae595
fig5-failure-paper-grade-20260311c-central-churn-s42,paper_grade,failure_paper_grade_minimal,query_log.csv,results/runs/fig5-failure-paper-grade-20260311c-central-churn-s42/query_log.csv,/private/tmp/fig5-failure-paper-grade-20260311c-stage/central-churn-s42/query_log.csv,37947,0f21cc8a57233fc345915a22267bb1834010b455e4bf246c9beaceb3b1bf2f77
fig5-failure-paper-grade-20260311c-central-churn-s42,paper_grade,failure_paper_grade_minimal,latency_sanity.csv,results/runs/fig5-failure-paper-grade-20260311c-central-churn-s42/latency_sanity.csv,/private/tmp/fig5-failure-paper-grade-20260311c-stage/central-churn-s42/latency_sanity.csv,368,94abea07f9157aaa1b9661300181b96c1ebb9cceae99d29ec8549884bfdf56e2
fig5-failure-paper-grade-20260311c-central-churn-s42,paper_grade,failure_paper_grade_minimal,failure_sanity.csv,results/runs/fig5-failure-paper-grade-20260311c-central-churn-s42/failure_sanity.csv,/private/tmp/fig5-failure-paper-grade-20260311c-stage/central-churn-s42/failure_sanity.csv,297,bf6287b6404320175a110a8a9317823dc6ee19198f4955a9486156ebc4d3f2be
fig5-failure-paper-grade-20260311c-central-churn-s42,paper_grade,failure_paper_grade_minimal,source_manifest.json,results/runs/fig5-failure-paper-grade-20260311c-central-churn-s42/source_manifest.json,/private/tmp/fig5-failure-paper-grade-20260311c-stage/central-churn-s42/manifest.json,739,486410559b3cd0a9838a088a245e6e8ce8267e711712277cdf7804f061527bcb
fig5-failure-paper-grade-20260311c-central-churn-s42,paper_grade,failure_paper_grade_minimal,source_run_manifest.json,results/runs/fig5-failure-paper-grade-20260311c-central-churn-s42/source_run_manifest.json,/private/tmp/fig5-failure-paper-grade-20260311c-stage/central-churn-s42/run_manifest.json,2279,e1ac8aadaa43428ddae260bb142287717cdac5cbd8b0ce7ffe4a7ab009631039
fig5-failure-paper-grade-20260311c-central-domain-fail-s42,paper_grade,failure_paper_grade_minimal,summary.csv,results/runs/fig5-failure-paper-grade-20260311c-central-domain-fail-s42/summary.csv,/private/tmp/fig5-failure-paper-grade-20260311c-stage/central-domain-fail-s42/summary.csv,537,709cd2655d1cb6bf71772e58ec8c7656bd6821d4eefc282be130e4694ac00512
fig5-failure-paper-grade-20260311c-central-domain-fail-s42,paper_grade,failure_paper_grade_minimal,query_log.csv,results/runs/fig5-failure-paper-grade-20260311c-central-domain-fail-s42/query_log.csv,/private/tmp/fig5-failure-paper-grade-20260311c-stage/central-domain-fail-s42/query_log.csv,37902,12f48adbdaa82adc6b0359d4f5401d8600f01f0fb61704edb483bc4ad43d17f0
fig5-failure-paper-grade-20260311c-central-domain-fail-s42,paper_grade,failure_paper_grade_minimal,latency_sanity.csv,results/runs/fig5-failure-paper-grade-20260311c-central-domain-fail-s42/latency_sanity.csv,/private/tmp/fig5-failure-paper-grade-20260311c-stage/central-domain-fail-s42/latency_sanity.csv,367,df5e86689de0b891961144fefbb3720878d2d4c766d0eca1b11f19ece022765a
fig5-failure-paper-grade-20260311c-central-domain-fail-s42,paper_grade,failure_paper_grade_minimal,failure_sanity.csv,results/runs/fig5-failure-paper-grade-20260311c-central-domain-fail-s42/failure_sanity.csv,/private/tmp/fig5-failure-paper-grade-20260311c-stage/central-domain-fail-s42/failure_sanity.csv,292,70deee9e3b664eaaa33a252c7da5a07f529d4cfbad7712d45d1fbd4499d9cd7f
fig5-failure-paper-grade-20260311c-central-domain-fail-s42,paper_grade,failure_paper_grade_minimal,source_manifest.json,results/runs/fig5-failure-paper-grade-20260311c-central-domain-fail-s42/source_manifest.json,/private/tmp/fig5-failure-paper-grade-20260311c-stage/central-domain-fail-s42/manifest.json,746,d141ce53be537c662ba28bb0b9186d1c10feb191ced4d7e62b242b74217ff275
fig5-failure-paper-grade-20260311c-central-domain-fail-s42,paper_grade,failure_paper_grade_minimal,source_run_manifest.json,results/runs/fig5-failure-paper-grade-20260311c-central-domain-fail-s42/source_run_manifest.json,/private/tmp/fig5-failure-paper-grade-20260311c-stage/central-domain-fail-s42/run_manifest.json,2297,5d0d797bc9926c0b571a6d23a5230cef40bd680da35ba590780009643a31ca92
fig5-failure-paper-grade-20260311c-central-link-fail-s42,paper_grade,failure_paper_grade_minimal,summary.csv,results/runs/fig5-failure-paper-grade-20260311c-central-link-fail-s42/summary.csv,/private/tmp/fig5-failure-paper-grade-20260311c-stage/central-link-fail-s42/summary.csv,537,43ac027b2b1064f3fb35f3d0e4c1483d0717411d545a1351d4de0f0a17e574cf
fig5-failure-paper-grade-20260311c-central-link-fail-s42,paper_grade,failure_paper_grade_minimal,query_log.csv,results/runs/fig5-failure-paper-grade-20260311c-central-link-fail-s42/query_log.csv,/private/tmp/fig5-failure-paper-grade-20260311c-stage/central-link-fail-s42/query_log.csv,38699,74dd0e0319baa299b9e542179085b9e336adb9fe03aea54a431a02f9e5a513ba
fig5-failure-paper-grade-20260311c-central-link-fail-s42,paper_grade,failure_paper_grade_minimal,latency_sanity.csv,results/runs/fig5-failure-paper-grade-20260311c-central-link-fail-s42/latency_sanity.csv,/private/tmp/fig5-failure-paper-grade-20260311c-stage/central-link-fail-s42/latency_sanity.csv,367,e35d3c97f955f55adcd3e4c40680ef06bedab4f61cab6d9b618d7daacf41a48d
fig5-failure-paper-grade-20260311c-central-link-fail-s42,paper_grade,failure_paper_grade_minimal,failure_sanity.csv,results/runs/fig5-failure-paper-grade-20260311c-central-link-fail-s42/failure_sanity.csv,/private/tmp/fig5-failure-paper-grade-20260311c-stage/central-link-fail-s42/failure_sanity.csv,279,6ff7200edae39f504167dcb05e40f53b3d3b06124b922f8b74cc498381f02388
fig5-failure-paper-grade-20260311c-central-link-fail-s42,paper_grade,failure_paper_grade_minimal,source_manifest.json,results/runs/fig5-failure-paper-grade-20260311c-central-link-fail-s42/source_manifest.json,/private/tmp/fig5-failure-paper-grade-20260311c-stage/central-link-fail-s42/manifest.json,742,8d6b878939fa76894d74e54e9b99b6d8122017afd31b4d15cf21fdc745e94894
fig5-failure-paper-grade-20260311c-central-link-fail-s42,paper_grade,failure_paper_grade_minimal,source_run_manifest.json,results/runs/fig5-failure-paper-grade-20260311c-central-link-fail-s42/source_run_manifest.json,/private/tmp/fig5-failure-paper-grade-20260311c-stage/central-link-fail-s42/run_manifest.json,2291,7c8651d85096ef84a3eda4f4709fce0808b8d0f563dd791bf0ec81a2ad953c0c
fig5-failure-paper-grade-20260311c-flood-churn-s42,paper_grade,failure_paper_grade_minimal,summary.csv,results/runs/fig5-failure-paper-grade-20260311c-flood-churn-s42/summary.csv,/private/tmp/fig5-failure-paper-grade-20260311c-stage/flood-churn-s42/summary.csv,538,82ee84658f014bada0a6978921617224dec9a257240078faa03bb52c0d92fac5
fig5-failure-paper-grade-20260311c-flood-churn-s42,paper_grade,failure_paper_grade_minimal,query_log.csv,results/runs/fig5-failure-paper-grade-20260311c-flood-churn-s42/query_log.csv,/private/tmp/fig5-failure-paper-grade-20260311c-stage/flood-churn-s42/query_log.csv,40664,855c40ce58d7d20a6c60d0d44897b4762c969e4b2b70e59c4d30e8c4f20b2797
fig5-failure-paper-grade-20260311c-flood-churn-s42,paper_grade,failure_paper_grade_minimal,latency_sanity.csv,results/runs/fig5-failure-paper-grade-20260311c-flood-churn-s42/latency_sanity.csv,/private/tmp/fig5-failure-paper-grade-20260311c-stage/flood-churn-s42/latency_sanity.csv,380,b6d2c971b70e4f98be68152f170a80e0cddd85c2e22257c4ec40a1e9cfea28d8
fig5-failure-paper-grade-20260311c-flood-churn-s42,paper_grade,failure_paper_grade_minimal,failure_sanity.csv,results/runs/fig5-failure-paper-grade-20260311c-flood-churn-s42/failure_sanity.csv,/private/tmp/fig5-failure-paper-grade-20260311c-stage/flood-churn-s42/failure_sanity.csv,296,40b7b99326b73170d76aa2c44dea0c0de1c485c5c97f92de5131d0c2e9906185
fig5-failure-paper-grade-20260311c-flood-churn-s42,paper_grade,failure_paper_grade_minimal,source_manifest.json,results/runs/fig5-failure-paper-grade-20260311c-flood-churn-s42/source_manifest.json,/private/tmp/fig5-failure-paper-grade-20260311c-stage/flood-churn-s42/manifest.json,750,8700c3a65ef8a299d77d57dae1d1d046fe87e77e795db0f9ecbd1d9cc0f3fe26
fig5-failure-paper-grade-20260311c-flood-churn-s42,paper_grade,failure_paper_grade_minimal,source_run_manifest.json,results/runs/fig5-failure-paper-grade-20260311c-flood-churn-s42/source_run_manifest.json,/private/tmp/fig5-failure-paper-grade-20260311c-stage/flood-churn-s42/run_manifest.json,2273,a89e197bf6d1abcdaad06eccc43bb10730482fc589ef3e9dc2363bba3c976907
fig5-failure-paper-grade-20260311c-flood-domain-fail-s42,paper_grade,failure_paper_grade_minimal,summary.csv,results/runs/fig5-failure-paper-grade-20260311c-flood-domain-fail-s42/summary.csv,/private/tmp/fig5-failure-paper-grade-20260311c-stage/flood-domain-fail-s42/summary.csv,538,f310802b0add0980ef01c85019f6bbf0b346accafeca21ff71f936672ed129ab
fig5-failure-paper-grade-20260311c-flood-domain-fail-s42,paper_grade,failure_paper_grade_minimal,query_log.csv,results/runs/fig5-failure-paper-grade-20260311c-flood-domain-fail-s42/query_log.csv,/private/tmp/fig5-failure-paper-grade-20260311c-stage/flood-domain-fail-s42/query_log.csv,34996,b907a3b273efbc310a175741b1ac90a05b500a5801fa38817cf95bccb18e9085
fig5-failure-paper-grade-20260311c-flood-domain-fail-s42,paper_grade,failure_paper_grade_minimal,latency_sanity.csv,results/runs/fig5-failure-paper-grade-20260311c-flood-domain-fail-s42/latency_sanity.csv,/private/tmp/fig5-failure-paper-grade-20260311c-stage/flood-domain-fail-s42/latency_sanity.csv,380,bf9b7b2c042bf07a5d834413e304d5137cc9385e0ee50946d2051c6999609e0a
fig5-failure-paper-grade-20260311c-flood-domain-fail-s42,paper_grade,failure_paper_grade_minimal,failure_sanity.csv,results/runs/fig5-failure-paper-grade-20260311c-flood-domain-fail-s42/failure_sanity.csv,/private/tmp/fig5-failure-paper-grade-20260311c-stage/flood-domain-fail-s42/failure_sanity.csv,294,900d3deafdf78c0b862453bf1062ad9373f7a2beedcb9ea9c02aaf4b29c9841a
fig5-failure-paper-grade-20260311c-flood-domain-fail-s42,paper_grade,failure_paper_grade_minimal,source_manifest.json,results/runs/fig5-failure-paper-grade-20260311c-flood-domain-fail-s42/source_manifest.json,/private/tmp/fig5-failure-paper-grade-20260311c-stage/flood-domain-fail-s42/manifest.json,756,e6cd90c95ff7856cbec436e26abb3b0d01b1f9668c582ef64dbdcb94a34e4080
fig5-failure-paper-grade-20260311c-flood-domain-fail-s42,paper_grade,failure_paper_grade_minimal,source_run_manifest.json,results/runs/fig5-failure-paper-grade-20260311c-flood-domain-fail-s42/source_run_manifest.json,/private/tmp/fig5-failure-paper-grade-20260311c-stage/flood-domain-fail-s42/run_manifest.json,2291,195ec9684b4f369b34ad4a3d63f9f4b08ecc4793299ef8920c286d33e6561182
fig5-failure-paper-grade-20260311c-flood-link-fail-s42,paper_grade,failure_paper_grade_minimal,summary.csv,results/runs/fig5-failure-paper-grade-20260311c-flood-link-fail-s42/summary.csv,/private/tmp/fig5-failure-paper-grade-20260311c-stage/flood-link-fail-s42/summary.csv,538,99f8648b48ba743e7438a1a0a114c86bc644d972547b0a110d06df8e59efcdce
fig5-failure-paper-grade-20260311c-flood-link-fail-s42,paper_grade,failure_paper_grade_minimal,query_log.csv,results/runs/fig5-failure-paper-grade-20260311c-flood-link-fail-s42/query_log.csv,/private/tmp/fig5-failure-paper-grade-20260311c-stage/flood-link-fail-s42/query_log.csv,41519,eadf9bd4e3c002afe75028d9e8ab0c9a5334e1f23987170bd65c535bd1c9ce6a
fig5-failure-paper-grade-20260311c-flood-link-fail-s42,paper_grade,failure_paper_grade_minimal,latency_sanity.csv,results/runs/fig5-failure-paper-grade-20260311c-flood-link-fail-s42/latency_sanity.csv,/private/tmp/fig5-failure-paper-grade-20260311c-stage/flood-link-fail-s42/latency_sanity.csv,380,9c17f91c6dc5a80830599ee94d33823c76a8a12f4304aabc49eb2d47f961fa86
fig5-failure-paper-grade-20260311c-flood-link-fail-s42,paper_grade,failure_paper_grade_minimal,failure_sanity.csv,results/runs/fig5-failure-paper-grade-20260311c-flood-link-fail-s42/failure_sanity.csv,/private/tmp/fig5-failure-paper-grade-20260311c-stage/flood-link-fail-s42/failure_sanity.csv,278,9a15f57f3ad510883877024c1cdaa52049bc8f51d7369402ed440923b7fedbfa
fig5-failure-paper-grade-20260311c-flood-link-fail-s42,paper_grade,failure_paper_grade_minimal,source_manifest.json,results/runs/fig5-failure-paper-grade-20260311c-flood-link-fail-s42/source_manifest.json,/private/tmp/fig5-failure-paper-grade-20260311c-stage/flood-link-fail-s42/manifest.json,754,9048b896286c27c48689301cad106933bc654252406528004cc839573a65ebd4
fig5-failure-paper-grade-20260311c-flood-link-fail-s42,paper_grade,failure_paper_grade_minimal,source_run_manifest.json,results/runs/fig5-failure-paper-grade-20260311c-flood-link-fail-s42/source_run_manifest.json,/private/tmp/fig5-failure-paper-grade-20260311c-stage/flood-link-fail-s42/run_manifest.json,2285,15e3183f7653c22c7db5ba20ff47a2b08f6d7313df0999b48a205525b7f1f3b3
fig5-failure-paper-grade-20260311c-iroute-churn-s42,paper_grade,failure_paper_grade_minimal,summary.csv,results/runs/fig5-failure-paper-grade-20260311c-iroute-churn-s42/summary.csv,/private/tmp/fig5-failure-paper-grade-20260311c-stage/iroute-churn-s42/summary.csv,538,3b1f0ffb37563101377983f34e5d0df88ffdbe6236c6af57c12df1c91e6c2ecd
fig5-failure-paper-grade-20260311c-iroute-churn-s42,paper_grade,failure_paper_grade_minimal,query_log.csv,results/runs/fig5-failure-paper-grade-20260311c-iroute-churn-s42/query_log.csv,/private/tmp/fig5-failure-paper-grade-20260311c-stage/iroute-churn-s42/query_log.csv,46872,488e2312fa63154f46432bd43d6ba09fec184264b6506637ebce14e080f31592
fig5-failure-paper-grade-20260311c-iroute-churn-s42,paper_grade,failure_paper_grade_minimal,latency_sanity.csv,results/runs/fig5-failure-paper-grade-20260311c-iroute-churn-s42/latency_sanity.csv,/private/tmp/fig5-failure-paper-grade-20260311c-stage/iroute-churn-s42/latency_sanity.csv,375,815acf16beb228f3b1cc83fd80f32062d8340438bf11be53d44dda05db0fd880
fig5-failure-paper-grade-20260311c-iroute-churn-s42,paper_grade,failure_paper_grade_minimal,failure_sanity.csv,results/runs/fig5-failure-paper-grade-20260311c-iroute-churn-s42/failure_sanity.csv,/private/tmp/fig5-failure-paper-grade-20260311c-stage/iroute-churn-s42/failure_sanity.csv,296,fb9a113e971eaa0a26d3a6213651e13c1ed37472220c7419af96251238674386
fig5-failure-paper-grade-20260311c-iroute-churn-s42,paper_grade,failure_paper_grade_minimal,source_manifest.json,results/runs/fig5-failure-paper-grade-20260311c-iroute-churn-s42/source_manifest.json,/private/tmp/fig5-failure-paper-grade-20260311c-stage/iroute-churn-s42/manifest.json,752,761710bfce15d6f23566a8bf9afc24dcaf725433df8bf38136f6cd3fa94ce15e
fig5-failure-paper-grade-20260311c-iroute-churn-s42,paper_grade,failure_paper_grade_minimal,source_run_manifest.json,results/runs/fig5-failure-paper-grade-20260311c-iroute-churn-s42/source_run_manifest.json,/private/tmp/fig5-failure-paper-grade-20260311c-stage/iroute-churn-s42/run_manifest.json,2276,0f303ea7c249ceab82b732eb6b6908314528e2588864221029ea9557afa5b24b
fig5-failure-paper-grade-20260311c-iroute-domain-fail-s42,paper_grade,failure_paper_grade_minimal,summary.csv,results/runs/fig5-failure-paper-grade-20260311c-iroute-domain-fail-s42/summary.csv,/private/tmp/fig5-failure-paper-grade-20260311c-stage/iroute-domain-fail-s42/summary.csv,542,49e35581aba1a1351d30e6d7b81734b5ee0b84cd8cea6b3ca284ddf776c310b5
fig5-failure-paper-grade-20260311c-iroute-domain-fail-s42,paper_grade,failure_paper_grade_minimal,query_log.csv,results/runs/fig5-failure-paper-grade-20260311c-iroute-domain-fail-s42/query_log.csv,/private/tmp/fig5-failure-paper-grade-20260311c-stage/iroute-domain-fail-s42/query_log.csv,39250,f7d97f296fb59ef21d24d5123ed165f9ef0f8ae23f0bb22f1f2043068ef11bde
fig5-failure-paper-grade-20260311c-iroute-domain-fail-s42,paper_grade,failure_paper_grade_minimal,latency_sanity.csv,results/runs/fig5-failure-paper-grade-20260311c-iroute-domain-fail-s42/latency_sanity.csv,/private/tmp/fig5-failure-paper-grade-20260311c-stage/iroute-domain-fail-s42/latency_sanity.csv,386,808cf7c34a4fd4a583d9b532b983b2a646ca9684f301935b6c4eb88adbfac2df
fig5-failure-paper-grade-20260311c-iroute-domain-fail-s42,paper_grade,failure_paper_grade_minimal,failure_sanity.csv,results/runs/fig5-failure-paper-grade-20260311c-iroute-domain-fail-s42/failure_sanity.csv,/private/tmp/fig5-failure-paper-grade-20260311c-stage/iroute-domain-fail-s42/failure_sanity.csv,294,360fd65a83c1562fefa51201ab00f9668286adf3d09dcfbbb5f1eed401c1412b
fig5-failure-paper-grade-20260311c-iroute-domain-fail-s42,paper_grade,failure_paper_grade_minimal,source_manifest.json,results/runs/fig5-failure-paper-grade-20260311c-iroute-domain-fail-s42/source_manifest.json,/private/tmp/fig5-failure-paper-grade-20260311c-stage/iroute-domain-fail-s42/manifest.json,758,7b88393f9a51ca85ba44bdf2af693431027ecebcb0a2af26cd4b52b471721114
fig5-failure-paper-grade-20260311c-iroute-domain-fail-s42,paper_grade,failure_paper_grade_minimal,source_run_manifest.json,results/runs/fig5-failure-paper-grade-20260311c-iroute-domain-fail-s42/source_run_manifest.json,/private/tmp/fig5-failure-paper-grade-20260311c-stage/iroute-domain-fail-s42/run_manifest.json,2294,ee65b434c2db9465928569a5a7b7c572d442fc55910f617cd20e1f6bf9fdd6f2
fig5-failure-paper-grade-20260311c-iroute-link-fail-s42,paper_grade,failure_paper_grade_minimal,summary.csv,results/runs/fig5-failure-paper-grade-20260311c-iroute-link-fail-s42/summary.csv,/private/tmp/fig5-failure-paper-grade-20260311c-stage/iroute-link-fail-s42/summary.csv,538,10f6e57456be3e681c97b516af3de5dde020d98701c6524e4cc2e5330508459d
fig5-failure-paper-grade-20260311c-iroute-link-fail-s42,paper_grade,failure_paper_grade_minimal,query_log.csv,results/runs/fig5-failure-paper-grade-20260311c-iroute-link-fail-s42/query_log.csv,/private/tmp/fig5-failure-paper-grade-20260311c-stage/iroute-link-fail-s42/query_log.csv,47259,0ac264b5a2466f9caa8a4763480323adafef645ce876a910a5d3fdba00977010
fig5-failure-paper-grade-20260311c-iroute-link-fail-s42,paper_grade,failure_paper_grade_minimal,latency_sanity.csv,results/runs/fig5-failure-paper-grade-20260311c-iroute-link-fail-s42/latency_sanity.csv,/private/tmp/fig5-failure-paper-grade-20260311c-stage/iroute-link-fail-s42/latency_sanity.csv,377,8bd0fee898d96924f14447c27f9f69a1e9582c6c62d530992923804243f71566
fig5-failure-paper-grade-20260311c-iroute-link-fail-s42,paper_grade,failure_paper_grade_minimal,failure_sanity.csv,results/runs/fig5-failure-paper-grade-20260311c-iroute-link-fail-s42/failure_sanity.csv,/private/tmp/fig5-failure-paper-grade-20260311c-stage/iroute-link-fail-s42/failure_sanity.csv,278,146f7f074c7bff8f3f5bb545c604eb85e203c0d6666dc1ee8764ed53a48c88d4
fig5-failure-paper-grade-20260311c-iroute-link-fail-s42,paper_grade,failure_paper_grade_minimal,source_manifest.json,results/runs/fig5-failure-paper-grade-20260311c-iroute-link-fail-s42/source_manifest.json,/private/tmp/fig5-failure-paper-grade-20260311c-stage/iroute-link-fail-s42/manifest.json,756,cabd8cf237618a484f9d720e6cfbce8d276eaf8ae5ee6e50dc1d85fc2cb24e48
fig5-failure-paper-grade-20260311c-iroute-link-fail-s42,paper_grade,failure_paper_grade_minimal,source_run_manifest.json,results/runs/fig5-failure-paper-grade-20260311c-iroute-link-fail-s42/source_run_manifest.json,/private/tmp/fig5-failure-paper-grade-20260311c-stage/iroute-link-fail-s42/run_manifest.json,2288,40044021d372f488de4ab07190ea22c1c0baf761d3676ddea1675dc431e12d6d
legacy-sanr-baseline-exp4-scaling-iroute-d8-s42,exploratory,legacy_import,summary.csv,results/runs/legacy-sanr-baseline-exp4-scaling-iroute-d8-s42/summary.csv,ns-3/results/sanr_baseline/exp4-scaling/iroute_d8_s42/summary.csv,543,b2493ffe7577e1959be7dee27ac7e9049d4c28cbdfeedeb397609b9ce836c728
legacy-sanr-baseline-exp4-scaling-iroute-d8-s42,exploratory,legacy_import,query_log.csv,results/runs/legacy-sanr-baseline-exp4-scaling-iroute-d8-s42/query_log.csv,ns-3/results/sanr_baseline/exp4-scaling/iroute_d8_s42/query_log.csv,281797,674dcc6f30b85eb3b259742b608ebc8239d9843eb5ad27a2b0f01f10dade6b6e
legacy-sanr-baseline-exp4-scaling-iroute-d8-s42,exploratory,legacy_import,latency_sanity.csv,results/runs/legacy-sanr-baseline-exp4-scaling-iroute-d8-s42/latency_sanity.csv,ns-3/results/sanr_baseline/exp4-scaling/iroute_d8_s42/latency_sanity.csv,386,30d86a8e287c0ddb56871b4a4dcfba91cb0cc00e922de8edeb05f10df9539337
legacy-sanr-baseline-exp4-scaling-iroute-d8-s42,exploratory,legacy_import,failure_sanity.csv,results/runs/legacy-sanr-baseline-exp4-scaling-iroute-d8-s42/failure_sanity.csv,ns-3/results/sanr_baseline/exp4-scaling/iroute_d8_s42/failure_sanity.csv,246,66a8dd6d79427086f5fa66227f55bdb4e196d5c26a302ccf18ee4c01e983e734
legacy-sanr-baseline-exp4-scaling-iroute-d8-s42,exploratory,legacy_import,source_manifest.json,results/runs/legacy-sanr-baseline-exp4-scaling-iroute-d8-s42/source_manifest.json,ns-3/results/sanr_baseline/exp4-scaling/iroute_d8_s42/manifest.json,622,a3bf1e35eddb06d5c4c62418a75cfdb9026f90eb98fd27338d3b598e9f49215c
smoke-iroute-star-s42-20260310a,smoke,smoke_validation,summary.csv,results/runs/smoke-iroute-star-s42-20260310a/summary.csv,/private/var/folders/bd/fmy5y57d5gb2_0940687snm00000gn/T/iroute-smoke-stage-7947gb1z/smoke-iroute-star-s42-20260310a/summary.csv,533,bb9a6b51a1199da1ebd2e8fd846aa97e2409d6ff3f817b121ed99fb4f62156cb
smoke-iroute-star-s42-20260310a,smoke,smoke_validation,query_log.csv,results/runs/smoke-iroute-star-s42-20260310a/query_log.csv,/private/var/folders/bd/fmy5y57d5gb2_0940687snm00000gn/T/iroute-smoke-stage-7947gb1z/smoke-iroute-star-s42-20260310a/query_log.csv,1645,4ba6ff78cfbdbf279c95007feb3738ebacdcc8c2b207f9fb623fc1d650f5f15d
smoke-iroute-star-s42-20260310a,smoke,smoke_validation,latency_sanity.csv,results/runs/smoke-iroute-star-s42-20260310a/latency_sanity.csv,/private/var/folders/bd/fmy5y57d5gb2_0940687snm00000gn/T/iroute-smoke-stage-7947gb1z/smoke-iroute-star-s42-20260310a/latency_sanity.csv,283,5b5fbfe67c0d77f586726038fb0cf7a21772d74c55677e02cbadcdb0af8ad2e9
smoke-iroute-star-s42-20260310a,smoke,smoke_validation,failure_sanity.csv,results/runs/smoke-iroute-star-s42-20260310a/failure_sanity.csv,/private/var/folders/bd/fmy5y57d5gb2_0940687snm00000gn/T/iroute-smoke-stage-7947gb1z/smoke-iroute-star-s42-20260310a/failure_sanity.csv,246,66a8dd6d79427086f5fa66227f55bdb4e196d5c26a302ccf18ee4c01e983e734
smoke-iroute-star-s42-20260310a,smoke,smoke_validation,source_manifest.json,results/runs/smoke-iroute-star-s42-20260310a/source_manifest.json,/private/var/folders/bd/fmy5y57d5gb2_0940687snm00000gn/T/iroute-smoke-stage-7947gb1z/smoke-iroute-star-s42-20260310a/manifest.json,743,23316a8cc1a9483534271010f3a7dded7f1fbf1398b035fd2cd66ef1bb196f56
smoke-iroute-star-s42-20260310a,smoke,smoke_validation,source_run_manifest.json,results/runs/smoke-iroute-star-s42-20260310a/source_run_manifest.json,/private/var/folders/bd/fmy5y57d5gb2_0940687snm00000gn/T/iroute-smoke-stage-7947gb1z/smoke-iroute-star-s42-20260310a/run_manifest.json,1146,a0a025fe1710ff606e6c688bf4691fa9a34ca025e81921b9b9ee90e79a87b007
